,school,sex,age,address,famsize,Pstatus,Medu,Fedu,Mjob,Fjob,reason,guardian,traveltime,studytime,failures_mat,schoolsup,famsup,paid_mat,activities,nursery,higher,internet,romantic,famrel,freetime,goout,Dalc,Walc,health,absences_mat,G1_mat,G2_mat,G3_mat,failures_por,paid_por,absences_por,G1_por,G2_por,G3_por
0,GP,M,18,R,GT3,T,2,2,services,other,reputation,mother,1,1,2.0,no,yes,no,yes,yes,yes,yes,no,3,3,3,1,2,4,0.0,7.0,4.0,0.0,,,,,,
1,GP,M,15,R,GT3,T,3,2,other,other,course,mother,2,2,2.0,yes,yes,no,no,yes,yes,yes,yes,4,4,4,1,4,3,6.0,5.0,9.0,7.0,,,,,,
2,GP,M,16,U,LE3,T,1,2,other,other,course,mother,2,1,1.0,no,no,no,yes,yes,yes,no,no,4,4,4,2,4,5,0.0,7.0,0.0,0.0,,,,,,
3,GP,M,17,U,GT3,T,1,3,at_home,services,course,father,1,1,0.0,no,no,no,no,yes,no,yes,no,5,3,3,1,4,2,2.0,10.0,10.0,10.0,,,,,,
4,GP,M,16,U,GT3,T,3,2,services,services,course,mother,2,1,1.0,no,yes,no,yes,no,no,no,no,4,5,2,1,1,2,16.0,12.0,11.0,12.0,,,,,,
5,GP,F,18,U,LE3,T,2,1,services,at_home,reputation,mother,1,2,1.0,no,no,no,no,yes,yes,yes,yes,5,4,3,1,1,5,12.0,12.0,12.0,13.0,,,,,,
6,GP,M,19,U,GT3,T,3,3,other,other,home,other,1,2,1.0,no,yes,no,yes,yes,yes,yes,yes,4,4,4,1,1,3,20.0,15.0,14.0,13.0,,,,,,
7,GP,F,18,U,GT3,T,2,4,services,at_home,reputation,other,1,2,1.0,no,yes,yes,yes,yes,yes,yes,no,4,4,3,1,1,3,8.0,14.0,12.0,12.0,,,,,,
8,GP,M,19,U,GT3,T,4,4,teacher,services,reputation,other,2,1,1.0,no,yes,yes,no,yes,yes,yes,yes,4,3,4,1,1,4,38.0,8.0,9.0,8.0,,,,,,
9,GP,F,19,U,LE3,T,1,1,at_home,other,reputation,other,1,2,1.0,yes,yes,no,yes,no,yes,yes,no,4,4,3,1,3,3,18.0,12.0,10.0,10.0,,,,,,
10,GP,F,19,U,LE3,T,1,2,services,services,home,other,1,2,1.0,no,no,no,yes,no,yes,no,yes,4,2,4,2,2,3,0.0,9.0,9.0,0.0,,,,,,
11,GP,F,19,U,GT3,T,2,1,at_home,other,other,other,3,2,0.0,no,yes,no,no,yes,no,yes,yes,3,4,1,1,1,2,20.0,14.0,12.0,13.0,,,,,,
12,GP,M,19,U,GT3,T,1,2,other,services,course,other,1,2,1.0,no,no,no,no,no,yes,yes,no,4,5,2,2,2,4,3.0,13.0,11.0,11.0,,,,,,
13,GP,F,19,U,LE3,T,3,2,services,other,reputation,other,2,2,1.0,no,yes,yes,no,no,yes,yes,yes,4,2,2,1,2,1,22.0,13.0,10.0,11.0,,,,,,
14,GP,F,19,U,GT3,T,1,1,at_home,health,home,other,1,3,2.0,no,no,no,no,no,yes,yes,yes,4,1,2,1,1,3,14.0,15.0,13.0,13.0,,,,,,
15,GP,F,19,R,GT3,T,2,3,other,other,reputation,other,1,3,1.0,no,no,no,no,yes,yes,yes,yes,4,1,2,1,1,3,40.0,13.0,11.0,11.0,,,,,,
16,GP,F,19,R,GT3,A,3,1,services,at_home,home,other,1,3,1.0,no,no,yes,no,yes,yes,no,no,5,4,3,1,2,5,12.0,14.0,13.0,13.0,,,,,,
17,GP,F,19,U,GT3,T,2,1,services,services,home,other,1,3,1.0,no,no,yes,yes,yes,yes,yes,yes,4,3,4,1,3,3,4.0,11.0,12.0,11.0,,,,,,
18,MS,F,18,R,LE3,A,1,4,at_home,other,course,mother,3,2,0.0,no,no,no,no,yes,yes,no,yes,4,3,4,1,4,5,0.0,13.0,13.0,13.0,,,,,,
19,MS,M,18,R,LE3,T,1,1,at_home,other,other,mother,2,2,1.0,no,no,no,yes,no,no,no,no,4,4,3,2,3,5,2.0,13.0,12.0,12.0,,,,,,
20,MS,F,19,U,LE3,T,3,2,services,services,home,other,2,2,2.0,no,no,no,yes,yes,yes,no,yes,3,2,2,1,1,3,4.0,7.0,7.0,9.0,,,,,,
21,MS,F,20,U,GT3,T,4,2,health,other,course,other,2,3,2.0,no,yes,yes,no,no,yes,yes,yes,5,4,3,1,1,3,4.0,15.0,14.0,15.0,,,,,,
22,MS,M,20,U,LE3,A,2,2,services,services,course,other,1,2,2.0,no,yes,yes,no,yes,yes,no,no,5,5,4,4,5,4,11.0,9.0,9.0,9.0,,,,,,
23,MS,M,21,R,GT3,T,1,1,other,other,course,other,1,1,3.0,no,no,no,no,no,yes,no,no,5,5,3,3,3,3,3.0,10.0,8.0,7.0,,,,,,
24,MS,M,19,U,LE3,T,1,1,other,at_home,course,father,1,1,0.0,no,no,no,no,yes,yes,yes,no,3,2,3,3,3,5,5.0,8.0,9.0,9.0,,,,,,
25,GP,M,16,U,GT3,T,2,3,other,other,course,mother,2,3,,no,yes,,no,no,yes,yes,yes,3,2,3,2,2,1,,,,,0.0,no,4.0,13.0,12.0,13.0
26,GP,F,18,U,GT3,T,2,1,services,other,reputation,mother,1,2,,no,yes,,yes,yes,no,yes,yes,5,4,5,1,3,5,,,,,3.0,no,10.0,10.0,9.0,8.0
27,GP,F,17,U,LE3,A,2,1,other,other,course,mother,3,1,,no,yes,,no,yes,yes,yes,no,3,2,2,1,2,5,,,,,0.0,no,8.0,11.0,10.0,11.0
28,GP,M,16,U,GT3,T,2,1,at_home,other,course,mother,4,1,,no,no,,no,yes,yes,no,no,3,2,1,1,1,2,,,,,0.0,no,4.0,9.0,9.0,11.0
29,GP,F,16,U,GT3,A,2,2,other,other,home,mother,1,1,,no,no,,no,yes,yes,no,no,5,3,4,1,1,5,,,,,1.0,no,12.0,13.0,11.0,11.0
30,GP,F,16,R,GT3,T,1,1,at_home,other,course,mother,4,2,,no,yes,,no,yes,yes,no,no,5,1,3,1,1,3,,,,,0.0,no,0.0,14.0,13.0,13.0
31,GP,M,18,U,LE3,T,3,1,services,services,course,mother,2,1,,no,no,,yes,yes,yes,yes,yes,3,3,4,4,5,4,,,,,0.0,no,2.0,11.0,11.0,12.0
32,GP,F,18,U,GT3,A,3,2,other,services,course,other,1,3,,no,yes,,yes,no,yes,yes,yes,4,3,3,5,1,5,,,,,0.0,no,10.0,12.0,11.0,11.0
33,GP,F,16,R,GT3,T,1,1,other,services,reputation,mother,2,1,,no,yes,,yes,yes,yes,no,yes,3,3,3,1,2,1,,,,,0.0,no,8.0,12.0,11.0,11.0
34,GP,F,15,R,GT3,T,1,1,other,other,course,mother,3,1,,no,no,,yes,yes,yes,yes,yes,5,5,5,1,1,1,,,,,1.0,no,2.0,8.0,9.0,9.0
35,GP,F,15,U,GT3,A,3,3,services,services,home,mother,1,2,,no,no,,no,no,yes,no,yes,1,3,2,2,3,1,,,,,0.0,no,24.0,9.0,8.0,9.0
36,GP,M,16,U,GT3,T,4,4,services,services,course,mother,1,3,,no,yes,,yes,yes,yes,yes,no,5,3,3,1,3,5,,,,,0.0,no,0.0,15.0,13.0,13.0
37,GP,F,15,U,LE3,A,2,1,at_home,other,home,mother,2,1,,no,yes,,yes,yes,no,yes,yes,4,4,2,1,1,5,,,,,0.0,no,0.0,11.0,10.0,10.0
38,GP,F,15,U,GT3,T,1,2,at_home,services,course,father,1,2,,no,no,,no,no,yes,no,yes,2,3,4,2,4,1,,,,,0.0,no,6.0,11.0,11.0,11.0
39,GP,M,16,U,LE3,T,1,2,health,services,course,mother,2,1,,no,no,,no,no,yes,yes,no,4,4,5,3,5,5,,,,,2.0,no,0.0,9.0,8.0,10.0
40,GP,M,17,R,GT3,T,3,2,other,other,course,mother,2,2,,yes,yes,,no,yes,yes,yes,yes,4,4,4,1,4,3,,,,,2.0,no,4.0,7.0,6.0,8.0
41,GP,M,15,U,LE3,T,1,2,other,other,course,mother,2,1,,no,no,,yes,yes,yes,no,no,4,4,4,2,4,5,,,,,0.0,no,2.0,8.0,9.0,10.0
42,GP,M,16,U,GT3,T,1,3,at_home,services,course,father,1,1,,no,no,,no,yes,no,yes,no,5,3,3,1,4,2,,,,,1.0,no,2.0,9.0,8.0,8.0
43,GP,M,17,U,GT3,T,3,2,services,services,course,mother,2,1,,no,yes,,yes,no,no,no,no,4,5,2,1,1,2,,,,,3.0,no,10.0,8.0,7.0,8.0
44,GP,F,16,U,GT3,A,4,1,other,other,home,mother,1,2,,no,no,,yes,yes,yes,yes,yes,5,3,3,1,2,5,,,,,0.0,no,0.0,14.0,13.0,13.0
45,GP,F,18,U,LE3,A,2,4,services,other,course,mother,2,2,,no,yes,,no,yes,yes,yes,no,4,3,3,1,1,3,,,,,1.0,no,18.0,10.0,10.0,10.0
46,GP,F,18,U,LE3,T,2,2,at_home,services,course,mother,1,2,,no,yes,,no,no,yes,yes,yes,5,3,1,1,1,5,,,,,1.0,no,16.0,9.0,8.0,10.0
47,GP,F,18,U,GT3,T,3,3,other,other,course,mother,2,1,,no,no,,no,yes,no,yes,no,4,1,1,1,1,3,,,,,1.0,no,14.0,8.0,7.0,7.0
48,GP,M,18,U,GT3,T,2,2,other,at_home,course,other,1,1,,no,yes,,yes,no,no,yes,yes,4,4,3,2,2,1,,,,,1.0,no,26.0,7.0,8.0,8.0
49,GP,M,17,U,GT3,T,4,4,teacher,teacher,course,mother,1,1,,no,yes,,yes,no,yes,yes,no,4,2,1,1,2,5,,,,,0.0,no,6.0,10.0,8.0,9.0
50,GP,F,17,U,GT3,T,3,2,other,other,course,father,1,2,,no,no,,yes,yes,yes,no,no,5,4,2,1,1,3,,,,,0.0,no,4.0,14.0,14.0,15.0
51,GP,F,17,U,LE3,T,1,1,at_home,at_home,course,mother,1,3,,no,yes,,yes,yes,yes,yes,yes,4,3,2,1,2,4,,,,,0.0,no,10.0,11.0,10.0,10.0
52,GP,F,16,U,GT3,T,1,2,other,other,course,mother,1,1,,no,no,,no,yes,no,yes,no,5,3,5,1,2,5,,,,,0.0,no,4.0,12.0,11.0,11.0
53,GP,F,17,R,LE3,A,1,4,other,other,course,other,4,1,,no,yes,,no,yes,yes,yes,no,5,5,4,1,1,5,,,,,1.0,no,14.0,9.0,9.0,8.0
54,GP,F,17,U,LE3,A,2,2,other,other,home,mother,1,1,,no,yes,,no,no,no,yes,no,3,1,2,1,1,1,,,,,1.0,no,8.0,11.0,9.0,10.0
55,GP,F,17,R,LE3,T,1,1,at_home,other,course,mother,2,3,,no,no,,yes,yes,yes,yes,no,4,3,3,1,3,5,,,,,0.0,no,4.0,15.0,14.0,15.0
56,GP,F,17,U,LE3,A,4,2,teacher,other,course,mother,1,2,,no,yes,,yes,yes,yes,no,no,4,3,2,1,1,4,,,,,0.0,no,4.0,15.0,14.0,14.0
57,GP,F,17,U,GT3,T,4,4,teacher,services,course,mother,1,2,,no,yes,,no,yes,yes,yes,yes,5,3,1,1,4,5,,,,,0.0,yes,2.0,11.0,11.0,12.0
58,GP,M,17,R,GT3,T,1,1,other,other,home,father,2,3,,no,no,,no,no,yes,yes,yes,4,3,3,1,1,1,,,,,0.0,no,2.0,13.0,14.0,15.0
59,GP,F,17,U,GT3,T,3,3,services,other,home,mother,2,3,,no,yes,,no,yes,yes,yes,yes,4,2,2,2,3,5,,,,,0.0,no,10.0,11.0,11.0,11.0
60,GP,F,17,U,GT3,T,1,1,at_home,other,course,mother,1,2,,yes,no,,no,no,yes,no,yes,4,3,2,1,1,4,,,,,0.0,no,10.0,10.0,9.0,10.0
61,GP,F,17,U,GT3,T,1,1,other,services,course,father,1,2,,no,yes,,no,yes,yes,no,no,4,3,4,1,2,5,,,,,0.0,no,4.0,11.0,10.0,11.0
62,GP,F,18,U,LE3,A,2,1,other,other,course,mother,1,2,,no,yes,,no,no,yes,yes,yes,4,3,4,1,3,5,,,,,0.0,no,2.0,12.0,12.0,13.0
63,GP,F,19,U,GT3,T,2,2,services,services,home,mother,1,2,,no,yes,,no,yes,yes,yes,no,4,3,3,1,1,5,,,,,0.0,no,0.0,10.0,10.0,11.0
64,GP,M,18,U,LE3,T,2,1,services,other,course,mother,3,2,,no,no,,yes,no,no,yes,no,4,4,5,4,4,5,,,,,1.0,no,4.0,11.0,10.0,11.0
65,GP,F,17,R,GT3,T,4,2,other,other,course,mother,1,3,,no,yes,,yes,yes,yes,yes,no,4,3,4,1,3,5,,,,,0.0,no,2.0,11.0,12.0,14.0
66,GP,F,18,U,LE3,T,1,1,other,at_home,home,mother,1,3,,no,yes,,no,no,yes,no,no,4,4,3,2,3,3,,,,,0.0,no,4.0,11.0,12.0,14.0
67,GP,F,18,R,GT3,T,2,2,other,other,home,mother,1,2,,yes,no,,no,yes,yes,no,no,3,2,3,1,1,5,,,,,0.0,no,4.0,11.0,11.0,13.0
68,GP,M,17,R,GT3,T,2,2,other,services,other,mother,2,1,,no,no,,no,no,no,no,no,5,2,2,1,1,4,,,,,0.0,no,0.0,9.0,10.0,10.0
69,GP,F,20,R,GT3,T,2,1,other,other,course,other,2,2,,no,yes,,yes,yes,no,yes,yes,1,2,3,1,2,2,,,,,0.0,yes,8.0,10.0,12.0,12.0
70,GP,M,17,U,GT3,T,2,2,other,other,home,father,2,1,,no,no,,no,yes,no,yes,no,4,4,4,2,3,4,,,,,0.0,no,8.0,8.0,8.0,9.0
71,GP,F,18,U,GT3,T,2,1,other,other,home,mother,1,2,,no,yes,,no,yes,yes,yes,yes,4,2,5,1,2,1,,,,,0.0,no,8.0,14.0,14.0,15.0
72,GP,F,17,U,GT3,T,2,2,other,services,reputation,father,3,3,,no,yes,,no,yes,yes,yes,yes,4,2,3,1,1,1,,,,,0.0,no,8.0,13.0,15.0,15.0
73,GP,F,19,R,GT3,T,3,2,services,services,reputation,father,1,2,,yes,yes,,no,yes,no,yes,no,3,3,3,4,3,3,,,,,1.0,no,0.0,9.0,8.0,10.0
74,GP,M,18,U,GT3,T,1,2,at_home,other,home,other,2,1,,no,no,,no,no,no,yes,no,3,4,4,2,4,4,,,,,0.0,no,10.0,10.0,10.0,11.0
75,GP,F,18,U,GT3,T,2,1,other,other,reputation,mother,2,2,,no,no,,yes,yes,yes,yes,yes,4,3,1,1,1,5,,,,,0.0,no,10.0,12.0,13.0,14.0
76,GP,F,17,R,GT3,T,4,4,services,services,reputation,mother,2,3,,no,yes,,yes,yes,yes,yes,no,5,3,4,1,1,5,,,,,0.0,no,0.0,7.0,7.0,8.0
77,GP,M,19,R,LE3,T,2,1,at_home,services,course,mother,2,3,,no,no,,yes,yes,yes,yes,yes,4,3,1,1,1,5,,,,,1.0,no,0.0,9.0,10.0,11.0
78,GP,F,18,U,GT3,T,1,4,other,teacher,home,mother,1,2,,yes,yes,,no,no,yes,no,yes,3,4,4,1,2,5,,,,,0.0,no,2.0,10.0,10.0,11.0
79,GP,F,17,U,GT3,T,2,3,other,other,course,father,2,2,,no,no,,yes,yes,yes,yes,yes,4,2,1,1,1,3,,,,,0.0,no,2.0,11.0,12.0,14.0
80,GP,F,17,R,GT3,T,4,4,teacher,teacher,course,mother,1,1,,no,no,,yes,yes,yes,yes,no,4,4,4,1,1,5,,,,,0.0,no,2.0,15.0,16.0,17.0
81,GP,F,18,U,LE3,T,4,3,health,services,course,mother,2,1,,no,yes,,no,yes,yes,yes,no,3,2,4,1,4,1,,,,,0.0,no,8.0,12.0,12.0,15.0
82,GP,F,18,U,GT3,T,3,3,at_home,other,course,father,1,2,,no,yes,,no,yes,yes,yes,no,4,1,4,1,1,3,,,,,0.0,no,8.0,11.0,12.0,14.0
83,GP,M,19,U,GT3,T,4,2,health,other,course,mother,2,2,,no,yes,,yes,yes,yes,yes,yes,5,4,4,1,1,1,,,,,0.0,no,9.0,11.0,10.0,10.0
84,GP,F,18,U,GT3,T,3,4,other,other,course,mother,1,1,,no,yes,,yes,yes,yes,yes,yes,5,4,4,1,1,1,,,,,0.0,no,4.0,11.0,12.0,14.0
85,GP,F,17,U,GT3,T,4,4,health,health,course,mother,1,1,,no,no,,yes,yes,yes,yes,no,5,3,4,1,2,5,,,,,0.0,no,2.0,14.0,15.0,17.0
86,GP,F,17,U,LE3,A,3,3,services,other,home,mother,1,2,,yes,yes,,no,yes,yes,yes,no,5,3,3,1,1,5,,,,,0.0,no,0.0,12.0,12.0,13.0
87,GP,F,17,U,LE3,T,2,1,other,other,home,father,1,2,,no,no,,yes,yes,yes,yes,no,4,2,3,2,2,2,,,,,0.0,no,2.0,11.0,12.0,14.0
88,GP,M,18,U,LE3,T,4,4,other,other,reputation,father,1,1,,no,yes,,no,yes,yes,yes,no,4,2,5,3,4,5,,,,,0.0,no,2.0,8.0,9.0,11.0
89,GP,F,19,U,GT3,T,1,1,other,other,course,other,3,3,,no,no,,yes,yes,no,no,yes,1,5,5,4,3,5,,,,,0.0,no,12.0,10.0,10.0,11.0
90,GP,F,19,U,LE3,A,1,1,other,other,course,other,3,2,,no,yes,,no,no,yes,yes,yes,5,3,4,1,1,4,,,,,2.0,no,2.0,8.0,8.0,9.0
91,GP,F,18,U,GT3,T,2,2,other,other,course,mother,1,1,,no,yes,,yes,yes,yes,yes,yes,4,3,5,2,4,5,,,,,0.0,no,2.0,10.0,10.0,10.0
92,GP,F,18,U,GT3,T,1,1,other,other,home,mother,2,3,,no,no,,yes,yes,yes,yes,no,4,5,5,1,2,2,,,,,0.0,no,0.0,14.0,14.0,14.0
93,GP,F,17,U,GT3,T,3,3,at_home,other,course,mother,1,1,,no,yes,,yes,yes,yes,yes,no,4,2,5,2,5,5,,,,,0.0,yes,2.0,11.0,12.0,11.0
94,GP,M,19,R,GT3,T,3,2,at_home,services,home,other,1,1,,no,yes,,no,no,yes,no,yes,5,3,4,2,2,5,,,,,0.0,no,0.0,11.0,10.0,10.0
95,GP,F,18,U,GT3,T,2,2,at_home,other,course,mother,4,2,,no,no,,yes,yes,yes,no,yes,4,2,5,1,1,2,,,,,0.0,no,2.0,10.0,9.0,10.0
96,GP,M,18,U,GT3,T,2,2,other,other,reputation,mother,1,1,,no,no,,no,no,yes,yes,no,5,4,2,1,2,5,,,,,0.0,no,6.0,15.0,14.0,15.0
97,GP,F,17,U,GT3,T,2,1,services,other,course,mother,2,2,,no,yes,,yes,yes,yes,yes,yes,4,3,4,2,2,1,,,,,0.0,no,10.0,12.0,15.0,15.0
98,GP,F,17,U,GT3,T,2,1,services,other,reputation,mother,1,2,,no,yes,,yes,yes,yes,yes,no,4,3,5,2,4,4,,,,,0.0,no,4.0,12.0,16.0,16.0
99,GP,F,19,U,LE3,A,2,3,at_home,other,home,other,2,1,,no,no,,no,yes,no,yes,no,2,2,3,3,4,5,,,,,1.0,no,16.0,10.0,11.0,11.0
100,GP,F,17,U,GT3,T,3,1,other,at_home,home,mother,1,1,,no,yes,,no,yes,yes,yes,yes,4,1,2,1,1,3,,,,,1.0,yes,6.0,10.0,13.0,13.0
101,GP,F,21,U,LE3,T,4,4,other,other,reputation,other,1,3,,no,no,,yes,yes,yes,yes,no,3,3,2,1,1,5,,,,,2.0,yes,0.0,9.0,12.0,12.0
102,GP,M,18,U,LE3,T,2,2,services,services,reputation,mother,1,2,,no,yes,,yes,no,no,yes,no,4,4,4,1,3,3,,,,,0.0,no,11.0,9.0,11.0,12.0
103,GP,M,18,U,LE3,A,3,4,other,other,reputation,other,1,2,,no,no,,yes,yes,yes,yes,yes,4,3,5,1,4,2,,,,,0.0,no,9.0,13.0,14.0,15.0
104,GP,F,17,U,GT3,T,2,2,services,services,reputation,mother,1,2,,no,yes,,yes,yes,yes,yes,no,4,3,4,1,3,4,,,,,0.0,no,0.0,13.0,17.0,17.0
105,GP,M,17,U,LE3,A,4,4,health,other,reputation,mother,1,3,,no,yes,,no,yes,yes,yes,no,4,4,2,1,2,4,,,,,0.0,no,2.0,12.0,15.0,15.0
106,GP,F,18,U,LE3,T,4,2,teacher,other,course,mother,1,2,,no,yes,,yes,yes,yes,yes,no,4,2,2,1,1,3,,,,,0.0,no,0.0,14.0,17.0,17.0
107,GP,M,21,R,LE3,T,1,1,at_home,other,course,other,2,2,,no,yes,,yes,yes,no,yes,yes,5,3,3,5,2,4,,,,,2.0,no,21.0,9.0,10.0,10.0
108,GP,F,20,R,GT3,T,1,1,other,other,reputation,other,2,3,,no,no,,no,yes,yes,yes,yes,3,2,2,1,3,3,,,,,0.0,no,8.0,11.0,15.0,15.0
109,GP,F,19,U,GT3,T,4,4,teacher,other,home,other,1,1,,no,yes,,no,yes,yes,yes,yes,3,2,5,4,4,5,,,,,1.0,no,5.0,9.0,10.0,11.0
110,GP,M,17,U,LE3,A,3,2,other,other,reputation,mother,1,2,,no,yes,,no,yes,yes,yes,no,4,4,4,1,2,5,,,,,0.0,no,10.0,16.0,18.0,18.0
111,GP,F,18,U,GT3,T,3,2,at_home,other,reputation,father,1,3,,no,yes,,no,yes,yes,yes,yes,4,3,4,1,2,2,,,,,0.0,no,5.0,14.0,17.0,17.0
112,GP,M,18,R,GT3,T,2,3,other,services,reputation,father,1,1,,no,no,,no,yes,yes,yes,no,3,1,3,4,5,4,,,,,0.0,no,13.0,13.0,14.0,14.0
113,GP,M,19,U,GT3,T,2,1,other,other,reputation,mother,1,1,,no,no,,no,yes,yes,yes,no,5,3,4,1,4,4,,,,,0.0,no,10.0,7.0,11.0,11.0
114,GP,F,18,U,LE3,A,2,2,services,other,reputation,mother,2,2,,no,yes,,no,yes,yes,yes,no,4,1,4,1,3,4,,,,,0.0,no,10.0,14.0,17.0,17.0
115,GP,F,20,U,GT3,T,1,0,other,other,reputation,mother,2,1,,yes,no,,no,yes,yes,yes,yes,5,3,1,1,1,5,,,,,1.0,no,5.0,8.0,10.0,10.0
116,GP,F,18,U,GT3,T,3,2,services,other,home,mother,1,2,,no,yes,,yes,no,yes,yes,yes,3,1,2,1,2,1,,,,,0.0,no,4.0,10.0,13.0,13.0
117,MS,F,16,U,GT3,T,1,3,at_home,other,other,father,2,1,,no,yes,,no,yes,no,yes,yes,4,3,3,1,3,5,,,,,0.0,no,11.0,10.0,11.0,11.0
118,MS,F,16,R,GT3,T,2,2,other,other,course,mother,2,2,,no,yes,,yes,yes,yes,yes,no,4,4,4,1,1,5,,,,,0.0,no,0.0,12.0,12.0,12.0
119,MS,F,15,R,GT3,T,1,1,at_home,services,other,mother,1,1,,no,yes,,no,yes,yes,no,yes,4,1,3,1,1,2,,,,,1.0,no,6.0,10.0,10.0,10.0
120,MS,F,15,R,GT3,T,3,3,at_home,other,course,mother,2,1,,no,yes,,no,yes,yes,yes,no,5,4,4,2,3,5,,,,,0.0,no,4.0,10.0,10.0,11.0
121,MS,F,16,R,GT3,T,2,3,at_home,services,course,mother,2,2,,no,no,,no,yes,yes,no,no,4,5,2,1,2,5,,,,,0.0,no,0.0,16.0,17.0,17.0
122,MS,F,15,R,LE3,T,2,1,at_home,other,home,mother,2,1,,no,no,,no,yes,no,no,no,1,3,4,1,1,1,,,,,0.0,no,0.0,6.0,8.0,9.0
123,MS,M,16,R,LE3,A,4,4,at_home,other,home,mother,1,2,,no,yes,,no,yes,yes,no,no,5,3,2,1,3,2,,,,,0.0,no,5.0,10.0,11.0,11.0
124,MS,M,16,U,GT3,A,1,2,other,other,other,mother,1,3,,yes,no,,no,yes,yes,yes,no,4,4,3,1,1,5,,,,,0.0,no,0.0,10.0,11.0,11.0
125,MS,F,17,R,GT3,T,3,2,at_home,other,course,father,1,2,,no,no,,no,yes,yes,no,yes,4,5,4,1,2,5,,,,,1.0,no,0.0,10.0,10.0,10.0
126,MS,F,17,R,GT3,T,1,1,other,other,other,father,1,1,,no,yes,,no,no,no,yes,no,5,4,4,2,2,5,,,,,1.0,no,0.0,6.0,6.0,7.0
127,MS,F,15,R,GT3,T,4,4,teacher,other,course,mother,2,1,,no,no,,no,yes,yes,yes,yes,1,5,1,3,5,5,,,,,0.0,no,0.0,13.0,14.0,14.0
128,MS,F,16,U,LE3,A,2,2,at_home,other,reputation,mother,2,4,,no,no,,yes,no,no,no,yes,1,2,1,1,1,1,,,,,0.0,no,4.0,10.0,9.0,11.0
129,MS,F,15,R,LE3,T,1,1,at_home,services,reputation,father,2,2,,no,yes,,no,yes,yes,yes,no,5,4,3,1,2,4,,,,,0.0,no,0.0,10.0,10.0,10.0
130,MS,F,15,R,LE3,T,1,1,other,services,course,mother,2,1,,no,yes,,no,yes,yes,yes,yes,4,4,3,1,2,2,,,,,1.0,no,4.0,6.0,7.0,8.0
131,MS,F,16,R,GT3,T,0,2,other,other,other,mother,2,1,,no,yes,,yes,yes,yes,no,no,3,2,3,1,2,2,,,,,0.0,no,0.0,12.0,11.0,12.0
132,MS,F,17,R,GT3,T,2,3,other,other,course,mother,2,1,,no,yes,,no,yes,yes,yes,no,5,5,5,1,3,3,,,,,0.0,no,2.0,10.0,11.0,12.0
133,MS,F,15,R,GT3,T,3,3,other,services,course,father,2,1,,no,no,,no,no,yes,yes,no,4,1,3,1,1,4,,,,,0.0,no,0.0,14.0,16.0,16.0
134,MS,M,16,U,GT3,T,1,1,at_home,services,home,mother,2,2,,no,yes,,yes,yes,yes,no,yes,5,4,5,4,5,3,,,,,0.0,no,0.0,7.0,0.0,0.0
135,MS,M,17,U,GT3,T,1,1,other,other,home,mother,1,2,,no,no,,no,no,yes,yes,no,4,4,3,2,4,5,,,,,0.0,yes,4.0,8.0,9.0,9.0
136,MS,M,15,R,LE3,T,4,1,health,services,reputation,father,1,2,,no,yes,,yes,yes,yes,yes,no,5,3,4,1,2,2,,,,,0.0,no,0.0,12.0,13.0,14.0
137,MS,M,15,R,LE3,T,4,1,health,services,reputation,father,1,2,,no,yes,,yes,yes,yes,yes,no,5,3,4,1,2,2,,,,,0.0,no,7.0,7.0,9.0,8.0
138,MS,M,16,R,GT3,T,3,4,other,health,other,mother,3,2,,no,no,,no,no,yes,no,no,3,4,5,1,2,5,,,,,0.0,no,4.0,9.0,10.0,11.0
139,MS,M,15,R,GT3,T,1,1,other,other,course,mother,4,2,,no,yes,,yes,yes,yes,no,yes,5,4,5,2,4,4,,,,,0.0,no,8.0,7.0,9.0,9.0
140,MS,M,15,U,LE3,T,3,3,at_home,at_home,reputation,father,1,2,,no,yes,,yes,yes,yes,yes,no,5,3,3,1,1,5,,,,,0.0,no,0.0,11.0,11.0,11.0
141,MS,M,17,R,GT3,T,2,1,other,other,other,mother,3,1,,no,no,,yes,yes,no,no,yes,5,5,5,5,5,3,,,,,0.0,no,8.0,8.0,10.0,9.0
142,MS,F,16,R,GT3,T,4,4,teacher,teacher,course,mother,2,3,,no,no,,yes,yes,yes,yes,yes,4,2,2,1,1,4,,,,,0.0,no,6.0,16.0,16.0,17.0
143,MS,F,15,R,GT3,T,1,2,other,services,course,mother,2,1,,no,no,,no,yes,yes,no,no,5,1,2,1,1,1,,,,,0.0,no,3.0,11.0,13.0,13.0
144,MS,F,16,R,GT3,T,2,3,other,services,course,mother,3,2,,no,yes,,no,yes,yes,yes,no,4,5,4,1,2,1,,,,,0.0,no,2.0,15.0,15.0,15.0
145,MS,M,16,R,GT3,T,1,2,other,other,course,father,2,2,,no,no,,no,yes,yes,no,no,4,3,3,1,1,5,,,,,0.0,no,0.0,10.0,11.0,11.0
146,MS,F,16,R,GT3,T,2,2,other,other,course,mother,3,2,,no,yes,,no,yes,yes,yes,no,4,4,5,1,1,4,,,,,0.0,no,4.0,9.0,10.0,11.0
147,MS,F,16,U,GT3,T,1,2,other,services,course,mother,1,3,,no,yes,,no,yes,yes,no,no,1,3,2,1,2,4,,,,,1.0,no,0.0,10.0,8.0,8.0
148,MS,F,16,U,GT3,T,1,2,other,services,course,mother,1,3,,no,yes,,no,yes,yes,no,no,1,3,2,1,2,4,,,,,1.0,no,3.0,9.0,8.0,8.0
149,MS,F,15,U,GT3,T,2,1,at_home,other,home,mother,1,2,,yes,yes,,no,no,yes,yes,no,4,4,2,3,3,2,,,,,0.0,no,0.0,9.0,10.0,9.0
150,MS,F,16,U,GT3,T,1,1,at_home,other,course,father,1,2,,no,yes,,no,no,yes,no,yes,5,4,3,2,1,2,,,,,0.0,no,0.0,13.0,14.0,15.0
151,MS,M,17,R,LE3,T,1,2,at_home,services,reputation,mother,1,1,,no,yes,,yes,yes,yes,yes,no,5,5,5,5,5,3,,,,,0.0,no,4.0,10.0,11.0,11.0
152,MS,F,16,R,GT3,T,1,1,other,other,home,father,4,4,,no,yes,,no,no,yes,yes,no,4,3,2,1,1,1,,,,,0.0,no,0.0,13.0,10.0,13.0
153,MS,F,16,R,GT3,T,1,1,at_home,other,other,father,4,3,,yes,yes,,no,yes,yes,no,no,4,4,3,1,1,5,,,,,0.0,no,2.0,10.0,9.0,10.0
154,MS,F,15,R,GT3,T,1,1,at_home,other,home,father,2,2,,no,yes,,yes,yes,yes,yes,no,4,3,3,1,1,2,,,,,0.0,no,1.0,11.0,10.0,11.0
155,MS,F,16,R,GT3,T,1,1,at_home,other,other,mother,2,1,,no,no,,yes,yes,yes,yes,yes,4,2,2,4,3,2,,,,,0.0,no,0.0,13.0,12.0,14.0
156,MS,F,15,R,GT3,T,1,1,at_home,at_home,course,father,3,2,,no,yes,,no,yes,yes,no,no,4,2,1,1,2,2,,,,,0.0,no,0.0,13.0,14.0,14.0
157,MS,F,15,R,LE3,T,2,2,other,other,other,father,1,3,,yes,yes,,no,yes,yes,no,no,4,4,3,2,2,5,,,,,0.0,no,2.0,14.0,11.0,12.0
158,MS,M,16,R,GT3,T,1,1,at_home,other,other,father,2,1,,no,no,,yes,yes,yes,no,no,3,4,4,3,4,5,,,,,0.0,no,6.0,11.0,11.0,11.0
159,MS,F,18,U,GT3,T,1,2,other,other,course,father,1,2,,no,yes,,yes,yes,yes,yes,yes,3,4,4,2,3,5,,,,,1.0,no,9.0,9.0,8.0,8.0
160,MS,M,15,U,GT3,T,3,1,other,services,home,mother,2,1,,no,yes,,no,yes,yes,no,no,3,2,3,1,3,4,,,,,0.0,no,0.0,10.0,9.0,11.0
161,MS,F,16,R,GT3,T,2,2,other,services,course,father,3,2,,no,yes,,yes,yes,yes,yes,no,5,3,4,1,1,2,,,,,0.0,no,1.0,14.0,13.0,14.0
162,MS,M,15,U,GT3,T,2,2,health,other,reputation,mother,3,1,,no,no,,no,yes,yes,no,no,4,3,3,1,2,4,,,,,0.0,no,1.0,13.0,12.0,13.0
163,MS,M,16,U,GT3,T,4,4,other,teacher,course,father,1,2,,no,yes,,yes,yes,yes,no,yes,4,3,1,1,1,3,,,,,0.0,no,0.0,13.0,12.0,13.0
164,MS,F,15,R,GT3,T,3,3,services,other,reputation,mother,1,2,,no,yes,,no,yes,yes,yes,yes,4,5,4,1,1,1,,,,,0.0,no,4.0,13.0,12.0,12.0
165,MS,F,16,R,GT3,T,2,2,at_home,other,course,mother,2,2,,no,yes,,yes,no,yes,no,no,4,4,4,2,3,5,,,,,1.0,no,2.0,12.0,11.0,12.0
166,MS,F,16,R,LE3,T,2,2,other,other,home,father,3,1,,no,yes,,yes,yes,yes,no,yes,4,3,2,1,1,4,,,,,0.0,no,0.0,14.0,14.0,16.0
167,MS,M,16,U,LE3,T,2,1,at_home,services,course,mother,2,1,,no,yes,,yes,yes,yes,yes,no,2,4,3,2,3,4,,,,,0.0,no,4.0,10.0,8.0,10.0
168,MS,M,15,R,LE3,T,1,3,at_home,other,reputation,father,3,1,,no,yes,,yes,yes,yes,yes,no,4,2,4,3,5,3,,,,,0.0,no,2.0,10.0,11.0,11.0
169,MS,F,15,U,GT3,T,2,2,other,services,course,mother,2,3,,no,yes,,yes,yes,yes,no,no,5,3,2,1,1,4,,,,,0.0,no,0.0,12.0,13.0,14.0
170,MS,F,16,R,LE3,T,2,1,other,other,home,mother,1,1,,no,yes,,no,yes,yes,yes,yes,5,4,3,1,1,5,,,,,0.0,no,2.0,10.0,8.0,8.0
171,MS,M,15,U,GT3,T,3,3,services,services,course,father,2,1,,no,yes,,yes,no,yes,yes,no,4,3,3,2,4,3,,,,,0.0,no,11.0,12.0,10.0,11.0
172,MS,F,16,R,GT3,T,1,1,at_home,other,course,father,2,2,,yes,yes,,no,yes,yes,no,no,3,4,3,1,1,1,,,,,3.0,no,0.0,7.0,7.0,8.0
173,MS,F,17,U,GT3,T,2,2,other,at_home,course,mother,1,1,,no,yes,,yes,yes,no,no,no,4,5,3,1,1,5,,,,,0.0,no,4.0,9.0,9.0,10.0
174,MS,F,19,U,GT3,T,2,3,at_home,services,course,other,1,1,,no,no,,no,yes,no,yes,yes,4,4,4,1,1,2,,,,,1.0,no,0.0,9.0,9.0,10.0
175,MS,F,17,R,GT3,T,2,1,at_home,other,course,mother,3,1,,no,yes,,yes,yes,no,no,yes,5,5,3,1,1,3,,,,,0.0,no,2.0,9.0,10.0,11.0
176,MS,F,15,R,LE3,T,1,1,at_home,other,course,mother,2,1,,no,yes,,no,yes,no,no,yes,5,2,1,1,3,4,,,,,0.0,no,0.0,9.0,10.0,9.0
177,MS,F,16,R,GT3,T,2,2,other,other,course,father,3,2,,no,yes,,no,yes,no,yes,no,3,4,5,1,2,1,,,,,0.0,no,1.0,9.0,10.0,11.0
178,MS,F,16,U,LE3,A,2,2,other,other,home,mother,1,1,,no,yes,,no,yes,no,no,no,4,3,4,1,2,1,,,,,0.0,no,6.0,7.0,7.0,8.0
179,MS,F,17,R,GT3,T,2,2,at_home,other,course,mother,2,2,,no,yes,,no,yes,yes,yes,no,4,3,5,1,2,4,,,,,0.0,no,0.0,11.0,10.0,11.0
180,MS,F,16,U,GT3,T,2,2,other,services,course,father,1,1,,no,yes,,yes,no,yes,yes,no,4,4,3,1,4,3,,,,,1.0,yes,1.0,9.0,10.0,10.0
181,MS,F,18,R,LE3,A,3,2,other,other,course,other,2,3,,no,yes,,no,no,no,no,yes,3,3,2,1,1,2,,,,,2.0,no,6.0,7.0,9.0,10.0
182,MS,F,19,U,GT3,T,1,1,at_home,services,course,mother,1,3,,no,no,,yes,yes,no,no,yes,5,3,1,1,1,3,,,,,1.0,no,6.0,7.0,9.0,9.0
183,MS,M,18,R,GT3,T,1,1,other,other,home,mother,2,1,,no,no,,yes,yes,no,yes,no,4,4,3,3,4,4,,,,,1.0,no,0.0,8.0,9.0,10.0
184,MS,F,18,R,GT3,T,1,1,at_home,at_home,course,mother,2,1,,no,no,,no,no,no,yes,yes,3,2,3,1,1,2,,,,,1.0,no,4.0,9.0,11.0,10.0
185,MS,F,19,U,GT3,T,1,1,other,other,course,other,2,2,,no,yes,,no,yes,yes,yes,yes,1,1,4,4,1,1,,,,,1.0,no,12.0,7.0,8.0,9.0
186,MS,F,16,R,GT3,A,2,2,health,other,course,mother,1,2,,no,no,,no,no,yes,no,yes,3,3,2,1,1,3,,,,,0.0,no,2.0,8.0,10.0,10.0
187,MS,F,17,U,GT3,T,0,1,other,at_home,course,father,2,1,,no,no,,yes,no,yes,no,no,2,4,4,3,5,5,,,,,0.0,no,5.0,9.0,9.0,10.0
188,MS,F,16,R,LE3,T,1,2,at_home,other,course,mother,1,2,,no,no,,yes,yes,no,yes,no,4,4,5,1,3,3,,,,,0.0,no,0.0,8.0,9.0,9.0
189,MS,F,16,U,GT3,T,3,3,other,other,reputation,mother,1,1,,no,no,,yes,yes,no,yes,yes,4,5,4,1,1,4,,,,,0.0,no,0.0,14.0,13.0,13.0
190,MS,F,16,R,LE3,T,1,1,services,services,home,mother,1,1,,no,yes,,yes,yes,yes,yes,yes,4,4,4,2,2,4,,,,,0.0,no,2.0,14.0,14.0,14.0
191,MS,M,17,U,GT3,T,3,3,services,at_home,course,mother,2,4,,no,yes,,yes,yes,yes,no,no,5,4,5,3,4,5,,,,,1.0,yes,0.0,10.0,11.0,10.0
192,MS,F,16,U,GT3,T,2,1,other,services,course,mother,1,2,,no,yes,,yes,yes,yes,yes,no,5,3,3,1,1,1,,,,,0.0,no,0.0,14.0,13.0,14.0
193,MS,F,16,U,GT3,T,2,2,services,other,course,mother,1,1,,no,yes,,yes,yes,yes,no,yes,4,2,5,1,2,5,,,,,0.0,yes,0.0,17.0,16.0,16.0
194,MS,M,17,U,GT3,T,1,2,other,other,course,father,1,1,,no,yes,,yes,yes,no,yes,yes,5,3,5,5,5,1,,,,,1.0,no,12.0,6.0,7.0,7.0
195,MS,M,16,U,LE3,T,4,3,other,other,course,father,1,1,,no,no,,yes,yes,yes,yes,no,4,2,5,1,5,5,,,,,0.0,no,8.0,14.0,12.0,13.0
196,MS,M,17,R,LE3,T,2,2,services,services,other,mother,3,4,,no,yes,,no,yes,yes,no,no,1,3,5,3,5,3,,,,,1.0,no,2.0,10.0,8.0,9.0
197,MS,F,16,U,GT3,T,1,1,other,other,course,other,1,4,,yes,yes,,yes,yes,yes,yes,no,2,2,1,1,1,5,,,,,0.0,no,0.0,14.0,14.0,14.0
198,MS,F,19,U,LE3,T,2,2,other,other,home,mother,1,3,,no,no,,no,yes,yes,yes,yes,5,4,5,1,1,1,,,,,0.0,no,0.0,12.0,13.0,13.0
199,MS,F,17,R,GT3,T,1,1,at_home,other,reputation,mother,2,1,,no,yes,,yes,no,yes,yes,yes,4,4,5,1,2,5,,,,,0.0,no,0.0,11.0,11.0,11.0
200,MS,F,20,U,GT3,T,3,3,at_home,services,other,mother,2,2,,no,no,,yes,yes,yes,yes,yes,3,3,4,2,4,3,,,,,1.0,no,8.0,11.0,9.0,10.0
201,MS,F,17,U,LE3,T,1,1,other,services,course,father,1,3,,no,yes,,no,yes,yes,no,yes,4,3,3,1,1,3,,,,,0.0,no,0.0,11.0,11.0,10.0
202,MS,M,17,R,GT3,T,2,2,other,other,course,mother,3,1,,no,yes,,no,no,yes,yes,no,4,4,5,1,2,5,,,,,1.0,no,0.0,10.0,9.0,9.0
203,MS,F,16,R,LE3,T,1,1,at_home,other,course,father,3,2,,no,yes,,no,yes,yes,no,no,5,3,2,1,1,1,,,,,0.0,no,0.0,16.0,17.0,18.0
204,MS,F,17,R,GT3,T,2,2,other,other,reputation,mother,2,2,,no,yes,,yes,yes,yes,no,no,5,3,2,1,1,1,,,,,0.0,no,0.0,15.0,17.0,17.0
205,MS,F,17,U,GT3,A,1,0,other,other,other,mother,2,2,,no,no,,no,yes,yes,yes,yes,4,4,5,1,1,4,,,,,0.0,no,1.0,11.0,9.0,10.0
206,MS,F,18,R,GT3,T,1,1,at_home,other,other,mother,1,2,,no,yes,,no,yes,yes,yes,yes,4,3,2,1,1,5,,,,,1.0,no,9.0,7.0,7.0,7.0
207,MS,F,16,U,GT3,T,3,1,other,other,course,mother,1,1,,no,no,,yes,yes,yes,yes,no,3,1,3,1,3,1,,,,,0.0,no,0.0,8.0,6.0,8.0
208,MS,F,16,U,GT3,T,3,2,services,at_home,course,mother,1,1,,no,no,,no,yes,yes,yes,no,3,1,3,1,4,3,,,,,0.0,no,2.0,7.0,6.0,7.0
209,MS,F,18,U,LE3,T,1,1,other,at_home,reputation,mother,2,2,,yes,no,,no,yes,yes,no,no,2,3,5,1,4,3,,,,,0.0,no,8.0,9.0,8.0,10.0
210,MS,F,16,R,GT3,T,4,4,health,teacher,reputation,father,1,2,,no,no,,yes,no,yes,yes,yes,4,3,3,2,3,2,,,,,0.0,no,0.0,14.0,16.0,16.0
211,MS,F,16,R,LE3,T,1,2,other,other,reputation,mother,2,1,,no,no,,yes,yes,yes,yes,no,5,4,5,1,4,2,,,,,0.0,no,0.0,14.0,14.0,15.0
212,MS,F,18,U,GT3,A,2,4,other,services,reputation,father,1,2,,no,yes,,no,yes,yes,yes,no,2,3,2,1,3,1,,,,,1.0,no,8.0,8.0,5.0,8.0
213,MS,M,16,R,GT3,T,2,1,other,services,reputation,mother,2,2,,no,no,,yes,yes,yes,yes,no,5,2,1,1,1,2,,,,,0.0,no,0.0,8.0,7.0,0.0
214,MS,F,16,U,LE3,T,1,1,at_home,other,other,mother,3,2,,no,yes,,no,yes,yes,yes,no,4,3,2,1,3,5,,,,,0.0,no,6.0,6.0,8.0,8.0
215,MS,F,16,R,GT3,T,2,3,at_home,services,other,mother,2,2,,no,yes,,yes,yes,yes,yes,no,3,3,3,1,1,2,,,,,0.0,no,0.0,8.0,10.0,10.0
216,MS,F,16,U,GT3,T,4,4,health,health,course,mother,1,2,,no,yes,,no,yes,yes,yes,yes,4,3,4,1,2,3,,,,,0.0,no,4.0,8.0,8.0,8.0
217,MS,M,18,U,LE3,T,4,4,at_home,health,home,mother,1,4,,no,yes,,yes,yes,no,yes,yes,5,5,5,5,5,5,,,,,0.0,no,2.0,5.0,6.0,6.0
218,MS,F,16,R,LE3,T,3,4,at_home,other,other,mother,3,2,,no,yes,,no,no,yes,no,no,4,2,1,1,1,2,,,,,0.0,no,2.0,7.0,9.0,8.0
219,MS,M,17,U,LE3,T,4,4,other,services,home,mother,1,3,,no,yes,,no,yes,yes,yes,no,4,4,3,1,2,5,,,,,0.0,no,0.0,15.0,14.0,16.0
220,MS,F,17,R,GT3,T,4,1,other,other,other,mother,1,1,,no,no,,no,yes,yes,yes,yes,4,2,3,1,2,5,,,,,0.0,no,1.0,13.0,14.0,14.0
221,MS,M,16,U,LE3,T,2,2,services,services,other,mother,4,3,,no,no,,no,yes,yes,no,no,5,1,3,2,2,3,,,,,0.0,no,0.0,10.0,9.0,10.0
222,MS,F,17,R,GT3,T,2,2,at_home,other,other,mother,1,1,,no,yes,,no,yes,yes,yes,no,5,1,3,1,2,5,,,,,0.0,yes,5.0,9.0,9.0,9.0
223,MS,F,16,U,LE3,T,4,4,services,services,other,father,2,1,,no,yes,,no,yes,yes,no,no,5,1,3,1,2,5,,,,,0.0,no,1.0,11.0,11.0,11.0
224,MS,M,17,U,GT3,T,3,3,services,services,home,mother,1,1,,no,yes,,yes,yes,yes,yes,no,4,1,4,5,5,3,,,,,0.0,no,8.0,7.0,10.0,9.0
225,MS,M,17,U,GT3,T,1,1,at_home,services,other,mother,3,2,,no,no,,no,yes,yes,yes,yes,5,1,3,3,3,1,,,,,0.0,no,0.0,10.0,10.0,10.0
226,MS,M,16,U,GT3,T,2,1,health,services,other,mother,2,2,,no,no,,no,no,yes,yes,yes,4,2,2,1,4,5,,,,,0.0,no,2.0,9.0,7.0,8.0
227,MS,F,16,U,LE3,T,2,1,other,services,other,mother,1,2,,no,no,,no,yes,yes,yes,yes,3,2,2,1,1,3,,,,,0.0,no,0.0,14.0,15.0,16.0
228,MS,M,16,U,LE3,T,4,4,teacher,health,other,father,1,1,,no,yes,,no,yes,yes,yes,no,4,1,2,2,5,5,,,,,0.0,no,0.0,11.0,12.0,12.0
229,MS,M,15,R,GT3,T,1,2,other,services,course,mother,3,2,,no,yes,,yes,yes,yes,no,no,5,5,5,1,3,5,,,,,0.0,no,11.0,9.0,11.0,10.0
230,MS,M,15,U,LE3,A,2,2,other,other,reputation,mother,3,4,,no,yes,,yes,yes,yes,no,no,5,4,5,2,3,5,,,,,0.0,no,8.0,13.0,14.0,14.0
231,MS,M,15,U,LE3,A,2,1,services,services,course,mother,1,1,,no,no,,yes,yes,yes,yes,no,4,3,3,1,2,5,,,,,0.0,no,11.0,12.0,13.0,12.0
232,MS,F,16,R,LE3,T,2,2,other,other,course,mother,1,3,,no,yes,,no,no,yes,no,yes,4,3,3,2,2,5,,,,,0.0,no,2.0,11.0,11.0,11.0
233,MS,F,16,U,LE3,T,4,1,other,other,home,mother,2,2,,no,yes,,yes,yes,yes,yes,no,1,2,4,2,2,1,,,,,0.0,no,8.0,9.0,10.0,10.0
234,MS,F,17,U,GT3,T,3,2,at_home,other,home,mother,2,1,,no,no,,no,yes,yes,no,yes,4,3,3,2,2,1,,,,,0.0,no,5.0,9.0,11.0,11.0
235,MS,F,17,R,GT3,T,2,2,other,other,other,mother,2,2,,yes,no,,no,yes,yes,no,no,5,1,3,1,1,5,,,,,0.0,yes,0.0,11.0,9.0,11.0
236,MS,F,16,U,GT3,T,4,4,teacher,services,course,mother,2,3,,no,yes,,no,yes,yes,yes,yes,5,3,5,1,4,5,,,,,0.0,no,1.0,10.0,11.0,12.0
237,MS,M,17,R,GT3,T,4,4,health,other,course,father,3,1,,no,no,,yes,yes,yes,yes,yes,3,3,3,1,3,5,,,,,3.0,no,2.0,9.0,9.0,8.0
238,MS,M,17,R,LE3,T,1,3,other,other,course,father,2,1,,no,no,,yes,yes,yes,no,yes,5,1,2,3,3,5,,,,,0.0,no,2.0,12.0,11.0,12.0
239,MS,M,17,U,GT3,T,3,4,services,other,other,mother,1,2,,no,yes,,yes,no,yes,yes,yes,5,4,4,3,4,5,,,,,1.0,no,8.0,8.0,9.0,8.0
240,MS,F,17,U,GT3,T,4,4,health,health,course,father,1,2,,no,yes,,no,yes,yes,yes,no,5,2,5,1,1,5,,,,,0.0,no,0.0,13.0,15.0,16.0
241,MS,M,16,R,LE3,T,4,1,other,at_home,other,father,1,1,,no,no,,no,yes,yes,yes,no,4,1,2,2,1,2,,,,,0.0,no,0.0,10.0,11.0,11.0
242,MS,F,17,U,GT3,A,1,1,at_home,at_home,other,mother,1,2,,no,no,,yes,yes,yes,yes,yes,4,5,5,1,2,3,,,,,0.0,no,2.0,11.0,10.0,11.0
243,MS,F,17,R,GT3,T,4,2,other,other,course,mother,2,2,,yes,yes,,no,no,yes,yes,no,4,3,3,2,3,5,,,,,0.0,no,0.0,17.0,18.0,18.0
244,MS,M,16,U,LE3,A,2,2,other,services,course,father,2,2,,no,yes,,no,no,yes,yes,yes,4,1,2,2,2,5,,,,,0.0,no,0.0,12.0,13.0,13.0
245,MS,M,17,U,GT3,T,3,2,other,other,other,father,2,2,,no,yes,,no,yes,yes,yes,no,4,1,2,2,2,1,,,,,0.0,yes,0.0,13.0,14.0,13.0
246,MS,M,19,U,GT3,T,1,1,other,other,other,mother,1,2,,no,yes,,yes,yes,no,yes,no,4,4,3,3,4,4,,,,,2.0,no,2.0,9.0,9.0,10.0
247,MS,M,17,U,LE3,A,1,0,other,other,home,mother,1,1,,no,no,,no,yes,yes,no,yes,4,1,2,1,1,5,,,,,0.0,no,4.0,11.0,11.0,12.0
248,MS,F,17,R,GT3,T,1,1,at_home,at_home,course,father,2,1,,no,yes,,yes,yes,no,yes,yes,3,5,5,2,2,4,,,,,0.0,no,3.0,10.0,11.0,10.0
249,MS,F,16,R,GT3,T,1,2,other,other,home,father,1,3,,yes,yes,,no,no,yes,yes,yes,4,3,4,1,1,3,,,,,0.0,no,5.0,13.0,14.0,13.0
250,MS,M,16,R,LE3,T,1,2,other,at_home,course,mother,1,1,,no,no,,no,yes,yes,no,no,4,4,4,2,4,5,,,,,0.0,no,4.0,9.0,10.0,11.0
251,MS,F,17,R,GT3,T,3,1,other,other,course,mother,2,2,,no,yes,,yes,no,yes,yes,yes,5,4,4,1,1,5,,,,,3.0,no,2.0,7.0,9.0,10.0
252,MS,M,17,R,GT3,T,2,2,other,other,course,mother,2,1,,no,no,,yes,yes,no,no,yes,5,5,5,3,5,5,,,,,0.0,no,0.0,8.0,13.0,10.0
253,MS,M,18,R,GT3,T,1,0,at_home,at_home,course,other,3,1,,yes,yes,,no,yes,yes,no,no,4,3,2,1,1,4,,,,,1.0,no,0.0,12.0,12.0,13.0
254,MS,M,17,R,GT3,T,1,1,other,services,course,mother,2,1,,no,yes,,yes,no,yes,yes,yes,4,5,5,1,3,2,,,,,0.0,no,0.0,10.0,9.0,10.0
255,MS,M,18,U,LE3,T,1,1,at_home,at_home,course,mother,2,2,,no,yes,,yes,yes,yes,no,no,4,3,3,1,4,5,,,,,0.0,no,6.0,10.0,9.0,10.0
256,MS,F,16,R,LE3,T,2,2,other,services,course,father,1,2,,no,no,,yes,yes,yes,no,yes,5,4,3,1,1,1,,,,,0.0,no,0.0,11.0,13.0,12.0
257,MS,M,17,U,GT3,T,2,2,other,other,course,mother,1,1,,no,no,,yes,yes,yes,no,yes,1,2,1,2,3,5,,,,,1.0,no,0.0,7.0,0.0,0.0
258,MS,M,16,R,GT3,T,3,2,services,other,course,father,2,1,,no,no,,no,yes,yes,yes,no,4,5,5,2,3,5,,,,,0.0,no,2.0,11.0,9.0,10.0
259,MS,M,16,R,LE3,T,1,1,at_home,other,course,mother,2,1,,no,no,,yes,yes,yes,yes,no,4,5,5,2,4,5,,,,,0.0,no,0.0,10.0,10.0,9.0
260,MS,M,18,R,GT3,T,1,1,services,other,course,other,2,1,,no,yes,,no,yes,no,yes,yes,5,3,3,2,3,5,,,,,1.0,no,2.0,9.0,7.0,9.0
261,MS,M,18,R,GT3,T,3,2,services,other,course,mother,1,1,,no,no,,no,yes,no,yes,no,2,3,1,2,2,5,,,,,1.0,no,0.0,4.0,0.0,0.0
262,MS,M,19,U,GT3,T,3,2,at_home,services,course,mother,2,1,,no,no,,yes,yes,yes,no,no,3,2,1,1,1,3,,,,,3.0,no,4.0,6.0,11.0,9.0
263,MS,M,18,U,GT3,T,3,3,at_home,at_home,course,mother,1,2,,no,yes,,yes,yes,no,yes,no,4,4,5,1,3,3,,,,,2.0,no,9.0,4.0,8.0,8.0
264,MS,M,16,R,GT3,T,2,2,services,services,course,mother,2,1,,no,yes,,yes,yes,yes,yes,yes,5,4,3,2,4,4,,,,,0.0,no,6.0,7.0,8.0,8.0
265,MS,M,19,U,GT3,T,2,1,at_home,other,course,other,2,1,,no,no,,yes,no,no,yes,yes,4,4,3,1,3,5,,,,,3.0,no,4.0,8.0,9.0,9.0
266,MS,F,16,U,GT3,A,3,2,services,at_home,course,mother,2,2,,no,yes,,yes,yes,yes,no,yes,2,5,5,1,1,1,,,,,2.0,no,8.0,5.0,5.0,7.0
267,MS,F,17,U,GT3,T,1,1,other,at_home,course,mother,1,1,,no,yes,,yes,yes,yes,no,no,4,3,2,1,2,5,,,,,0.0,no,9.0,7.0,9.0,10.0
268,MS,M,20,R,GT3,T,1,1,other,other,course,other,2,1,,no,yes,,no,yes,no,yes,yes,4,4,3,2,4,4,,,,,1.0,no,12.0,8.0,11.0,10.0
269,MS,F,18,R,GT3,A,4,3,services,services,course,mother,1,1,,no,yes,,no,yes,yes,yes,no,5,4,4,3,4,2,,,,,0.0,no,8.0,10.0,11.0,10.0
270,MS,F,18,U,GT3,A,1,2,at_home,other,course,mother,2,2,,no,yes,,no,yes,yes,no,no,4,3,3,1,1,5,,,,,2.0,no,2.0,6.0,8.0,8.0
271,MS,F,19,U,LE3,A,1,1,at_home,other,course,mother,1,1,,no,yes,,no,yes,no,no,no,1,4,4,1,1,5,,,,,0.0,no,0.0,6.0,8.0,7.0
272,MS,F,18,R,GT3,T,2,2,other,other,other,mother,2,1,,no,no,,no,yes,no,yes,yes,5,5,5,1,1,3,,,,,1.0,no,0.0,8.0,6.0,0.0
273,MS,F,17,R,GT3,T,0,0,at_home,other,course,mother,2,1,,no,yes,,no,yes,yes,yes,no,4,4,3,1,1,5,,,,,0.0,no,0.0,10.0,11.0,11.0
274,MS,F,17,R,LE3,A,3,1,other,at_home,course,other,2,3,,no,yes,,no,yes,no,no,no,4,2,3,2,2,3,,,,,0.0,yes,5.0,8.0,7.0,8.0
275,MS,F,17,U,GT3,T,4,2,teacher,services,home,mother,1,2,,yes,yes,,yes,yes,yes,yes,no,5,5,5,1,3,5,,,,,0.0,no,0.0,8.0,8.0,0.0
276,MS,F,18,R,LE3,T,2,2,services,services,course,mother,1,2,,no,yes,,yes,yes,yes,yes,no,2,3,3,1,2,4,,,,,1.0,no,3.0,7.0,6.0,8.0
277,MS,F,17,U,GT3,T,4,1,health,at_home,course,mother,1,1,,no,yes,,no,yes,yes,no,yes,3,2,2,1,1,5,,,,,0.0,no,0.0,8.0,10.0,9.0
278,MS,F,17,U,LE3,T,1,2,at_home,other,course,father,1,1,,no,no,,no,yes,yes,yes,no,5,5,1,1,1,3,,,,,0.0,no,0.0,7.0,10.0,10.0
279,MS,F,18,U,GT3,T,1,1,other,other,course,mother,3,2,,no,no,,yes,yes,yes,no,yes,3,4,4,2,2,5,,,,,2.0,no,3.0,7.0,8.0,7.0
280,MS,F,18,U,GT3,T,2,2,services,at_home,reputation,father,2,2,,no,no,,yes,no,yes,yes,no,4,3,5,1,1,1,,,,,0.0,no,2.0,12.0,13.0,14.0
281,MS,F,17,U,GT3,T,3,3,services,services,course,mother,2,1,,no,yes,,no,yes,yes,yes,no,4,4,3,1,1,4,,,,,0.0,no,0.0,11.0,12.0,13.0
282,MS,F,18,U,LE3,A,1,2,at_home,other,reputation,mother,2,2,,no,no,,no,yes,yes,yes,no,4,4,3,1,2,4,,,,,0.0,no,0.0,12.0,13.0,14.0
283,MS,F,18,U,GT3,T,4,4,teacher,teacher,reputation,mother,2,2,,no,no,,yes,no,yes,yes,no,4,3,5,1,2,1,,,,,0.0,no,0.0,18.0,18.0,18.0
284,MS,M,18,U,LE3,T,4,4,services,other,reputation,mother,1,1,,no,yes,,yes,yes,yes,yes,no,5,4,5,1,1,5,,,,,0.0,no,3.0,17.0,17.0,17.0
285,MS,F,17,U,GT3,T,4,2,other,other,course,mother,2,2,,no,yes,,no,yes,yes,yes,no,4,3,3,1,2,4,,,,,0.0,no,0.0,17.0,18.0,18.0
286,MS,F,18,R,GT3,T,2,2,at_home,other,course,mother,3,2,,no,no,,yes,yes,yes,no,yes,4,3,3,1,1,4,,,,,1.0,no,0.0,9.0,0.0,0.0
287,MS,M,18,U,LE3,T,1,2,at_home,services,home,mother,2,1,,no,yes,,no,no,yes,no,no,4,1,4,5,5,1,,,,,0.0,no,8.0,10.0,11.0,11.0
288,MS,M,18,R,GT3,T,4,4,at_home,services,other,mother,3,1,,no,yes,,yes,yes,yes,yes,yes,2,5,5,1,1,1,,,,,0.0,yes,5.0,12.0,13.0,14.0
289,MS,M,17,R,GT3,T,1,1,other,services,other,father,3,1,,no,no,,no,no,no,no,no,4,2,3,3,4,4,,,,,0.0,no,4.0,12.0,13.0,14.0
290,MS,F,18,U,GT3,T,2,2,other,other,course,mother,2,2,,no,yes,,no,no,yes,yes,yes,1,3,1,1,1,2,,,,,0.0,no,4.0,8.0,8.0,10.0
291,MS,F,18,U,LE3,T,2,2,services,services,course,father,2,3,,no,no,,no,yes,yes,yes,yes,5,4,5,1,4,3,,,,,0.0,no,0.0,11.0,12.0,13.0
292,MS,F,18,R,LE3,A,4,2,teacher,other,reputation,mother,1,2,,no,no,,yes,yes,yes,yes,yes,5,3,1,1,1,5,,,,,0.0,no,0.0,5.0,0.0,0.0
293,MS,F,18,U,GT3,T,1,1,at_home,services,course,mother,3,2,,no,no,,no,yes,no,no,no,4,4,2,1,2,2,,,,,1.0,no,2.0,9.0,10.0,10.0
294,MS,F,19,U,GT3,T,1,1,at_home,services,other,father,2,1,,no,no,,no,yes,no,no,no,5,5,5,2,3,2,,,,,1.0,no,0.0,5.0,0.0,0.0
295,MS,F,17,U,GT3,T,4,2,teacher,other,course,father,2,4,,no,no,,no,yes,yes,yes,yes,4,2,3,3,1,5,,,,,0.0,no,0.0,18.0,18.0,18.0
296,MS,F,17,R,LE3,A,2,1,services,other,reputation,mother,2,2,,no,no,,yes,yes,yes,yes,yes,5,3,3,1,2,2,,,,,0.0,no,5.0,11.0,11.0,12.0
297,MS,F,18,U,LE3,A,1,1,at_home,services,course,mother,1,2,,no,no,,no,yes,yes,no,yes,5,2,3,1,2,3,,,,,0.0,no,2.0,8.0,10.0,11.0
298,MS,F,18,U,GT3,T,1,2,at_home,at_home,course,father,2,2,,no,yes,,no,yes,no,no,no,4,1,1,1,1,4,,,,,0.0,no,0.0,11.0,11.0,12.0
299,MS,F,19,R,GT3,A,1,1,at_home,at_home,course,other,2,2,,no,yes,,yes,yes,no,no,yes,3,5,4,1,4,1,,,,,3.0,no,0.0,8.0,0.0,0.0
300,MS,F,18,R,GT3,T,2,2,services,other,home,mother,2,3,,no,no,,no,yes,yes,yes,yes,4,2,1,1,1,4,,,,,0.0,no,5.0,14.0,14.0,15.0
301,MS,F,18,R,LE3,A,1,2,at_home,other,course,mother,3,2,,no,no,,no,yes,yes,no,yes,4,3,4,1,4,5,,,,,0.0,no,0.0,16.0,15.0,15.0
302,MS,F,19,R,GT3,T,1,1,at_home,other,course,other,2,2,,no,yes,,no,yes,yes,yes,yes,4,3,3,1,1,3,,,,,1.0,no,4.0,7.0,8.0,9.0
303,MS,F,17,U,GT3,T,4,3,teacher,other,other,mother,2,2,,no,no,,no,yes,yes,yes,no,5,5,4,1,1,1,,,,,0.0,no,0.0,6.0,9.0,11.0
304,GP,F,18,U,GT3,A,4,4,at_home,teacher,course,mother,2,2,0.0,yes,no,no,no,yes,yes,no,no,4,3,4,1,1,3,6.0,5.0,6.0,6.0,0.0,no,4.0,0.0,11.0,11.0
305,GP,F,17,U,GT3,T,1,1,at_home,other,course,father,1,2,0.0,no,yes,no,no,no,yes,yes,no,5,3,3,1,1,3,4.0,5.0,5.0,6.0,0.0,no,2.0,9.0,11.0,11.0
306,GP,F,15,U,LE3,T,1,1,at_home,other,other,mother,1,2,3.0,yes,no,yes,no,yes,yes,yes,no,4,3,2,2,3,3,10.0,7.0,8.0,10.0,0.0,no,6.0,12.0,13.0,12.0
307,GP,F,15,U,GT3,T,4,2,health,services,home,mother,1,3,0.0,no,yes,yes,yes,yes,yes,yes,yes,3,2,2,1,1,5,2.0,15.0,14.0,15.0,0.0,no,0.0,14.0,14.0,14.0
308,GP,F,16,U,GT3,T,3,3,other,other,home,father,1,2,0.0,no,yes,yes,no,yes,yes,no,no,4,3,2,1,2,5,4.0,6.0,10.0,10.0,0.0,no,0.0,11.0,13.0,13.0
309,GP,M,16,U,LE3,T,4,3,services,other,reputation,mother,1,2,0.0,no,yes,yes,yes,yes,yes,yes,no,5,4,2,1,2,5,10.0,15.0,15.0,15.0,0.0,no,6.0,12.0,12.0,13.0
310,GP,M,16,U,LE3,T,2,2,other,other,home,mother,1,2,0.0,no,no,no,no,yes,yes,yes,no,4,4,4,1,1,3,0.0,12.0,12.0,11.0,0.0,no,0.0,13.0,12.0,13.0
311,GP,F,17,U,GT3,A,4,4,other,teacher,home,mother,2,2,0.0,yes,yes,no,no,yes,yes,no,no,4,1,4,1,1,1,6.0,6.0,5.0,6.0,0.0,no,2.0,10.0,13.0,13.0
312,GP,M,15,U,LE3,A,3,2,services,other,home,mother,1,2,0.0,no,yes,yes,no,yes,yes,yes,no,4,2,2,1,1,1,0.0,16.0,18.0,19.0,0.0,no,0.0,15.0,16.0,17.0
313,GP,M,15,U,GT3,T,3,4,other,other,home,mother,1,2,0.0,no,yes,yes,yes,yes,yes,yes,no,5,5,1,1,1,5,0.0,14.0,15.0,15.0,0.0,no,0.0,12.0,12.0,13.0
314,GP,F,15,U,GT3,T,4,4,teacher,health,reputation,mother,1,2,0.0,no,yes,yes,no,yes,yes,yes,no,3,3,3,1,2,2,0.0,10.0,8.0,9.0,0.0,no,2.0,14.0,14.0,14.0
315,GP,F,15,U,GT3,T,2,1,services,other,reputation,father,3,3,0.0,no,yes,no,yes,yes,yes,yes,no,5,2,2,1,1,4,4.0,10.0,12.0,12.0,0.0,no,0.0,10.0,12.0,13.0
316,GP,M,15,U,LE3,T,4,4,health,services,course,father,1,1,0.0,no,yes,yes,yes,yes,yes,yes,no,4,3,3,1,3,5,2.0,14.0,14.0,14.0,0.0,no,0.0,12.0,13.0,12.0
317,GP,M,15,U,GT3,T,4,3,teacher,other,course,mother,2,2,0.0,no,yes,yes,no,yes,yes,yes,no,5,4,3,1,2,3,2.0,10.0,10.0,11.0,0.0,no,0.0,12.0,12.0,13.0
318,GP,M,15,U,GT3,A,2,2,other,other,home,other,1,3,0.0,no,yes,no,no,yes,yes,yes,yes,4,5,2,1,1,3,0.0,14.0,16.0,16.0,0.0,no,0.0,14.0,14.0,15.0
319,GP,F,16,U,GT3,T,4,4,health,other,home,mother,1,1,0.0,no,yes,no,no,yes,yes,yes,no,4,4,4,1,2,2,4.0,14.0,14.0,14.0,0.0,no,6.0,17.0,17.0,17.0
320,GP,F,16,U,GT3,T,4,4,services,services,reputation,mother,1,3,0.0,no,yes,yes,yes,yes,yes,yes,no,3,2,3,1,2,2,6.0,13.0,14.0,14.0,0.0,no,10.0,13.0,13.0,14.0
321,GP,F,16,U,GT3,T,3,3,other,other,reputation,mother,3,2,0.0,yes,yes,no,yes,yes,yes,no,no,5,3,2,1,1,4,4.0,8.0,10.0,10.0,0.0,no,2.0,13.0,14.0,14.0
322,GP,M,17,U,GT3,T,3,2,services,services,course,mother,1,1,3.0,no,yes,no,yes,yes,yes,yes,no,5,5,5,2,4,5,16.0,6.0,5.0,5.0,3.0,yes,2.0,8.0,8.0,7.0
323,GP,M,16,U,LE3,T,4,3,health,other,home,father,1,1,0.0,no,no,yes,yes,yes,yes,yes,no,3,1,3,1,3,5,4.0,8.0,10.0,10.0,0.0,no,6.0,12.0,12.0,12.0
324,GP,M,15,U,GT3,T,4,3,teacher,other,reputation,mother,1,2,0.0,no,no,no,no,yes,yes,yes,no,4,4,1,1,1,1,0.0,13.0,14.0,15.0,0.0,no,0.0,12.0,13.0,14.0
325,GP,M,15,U,GT3,T,4,4,health,health,other,father,1,1,0.0,no,yes,yes,no,yes,yes,yes,no,5,4,2,1,1,5,0.0,12.0,15.0,15.0,0.0,yes,0.0,11.0,12.0,12.0
326,GP,M,16,U,LE3,T,4,2,teacher,other,course,mother,1,2,0.0,no,no,no,yes,yes,yes,yes,no,4,5,1,1,3,5,2.0,15.0,15.0,16.0,0.0,no,0.0,12.0,13.0,14.0
327,GP,M,16,U,LE3,T,2,2,other,other,reputation,mother,2,2,0.0,no,yes,no,yes,yes,yes,yes,no,5,4,4,2,4,5,0.0,13.0,13.0,12.0,0.0,no,2.0,10.0,10.0,10.0
328,GP,F,15,R,GT3,T,2,4,services,health,course,mother,1,3,0.0,yes,yes,yes,yes,yes,yes,yes,no,4,3,2,1,1,5,2.0,10.0,9.0,8.0,0.0,no,2.0,10.0,11.0,10.0
329,GP,F,16,U,GT3,T,2,2,services,services,home,mother,1,1,2.0,no,yes,yes,no,no,yes,yes,no,1,2,2,1,3,5,14.0,6.0,9.0,8.0,0.0,no,6.0,10.0,11.0,12.0
330,GP,M,15,U,GT3,T,2,2,other,other,home,mother,1,1,0.0,no,yes,yes,no,yes,yes,yes,no,4,2,2,1,2,5,2.0,12.0,12.0,11.0,0.0,no,8.0,11.0,12.0,12.0
331,GP,M,15,U,GT3,T,4,2,health,services,other,mother,1,1,0.0,no,no,yes,no,yes,yes,yes,no,2,2,4,2,4,1,4.0,15.0,16.0,15.0,0.0,no,0.0,11.0,11.0,11.0
332,GP,M,16,U,LE3,A,3,4,services,other,home,mother,1,2,0.0,yes,yes,no,yes,yes,yes,yes,no,5,3,3,1,1,5,4.0,11.0,11.0,11.0,0.0,yes,2.0,12.0,12.0,13.0
333,GP,M,16,U,GT3,T,4,4,teacher,teacher,home,mother,1,2,0.0,no,yes,yes,yes,yes,yes,yes,yes,4,4,5,5,5,5,16.0,10.0,12.0,11.0,0.0,yes,4.0,12.0,11.0,12.0
334,GP,M,15,U,GT3,T,4,4,health,services,home,mother,1,2,0.0,no,yes,yes,no,no,yes,yes,no,5,4,2,3,4,5,0.0,9.0,11.0,12.0,0.0,yes,0.0,10.0,11.0,11.0
335,GP,M,15,U,GT3,T,4,4,services,services,reputation,mother,2,2,0.0,no,yes,no,yes,yes,yes,yes,no,4,3,1,1,1,5,0.0,17.0,16.0,17.0,0.0,no,2.0,15.0,15.0,15.0
336,GP,M,15,R,GT3,T,4,3,teacher,at_home,course,mother,1,2,0.0,no,yes,no,yes,yes,yes,yes,yes,4,5,2,1,1,5,0.0,17.0,16.0,16.0,0.0,no,0.0,13.0,14.0,15.0
337,GP,M,15,U,LE3,T,3,3,other,other,course,mother,1,2,0.0,no,no,no,yes,no,yes,yes,no,5,3,2,1,1,2,0.0,8.0,10.0,12.0,0.0,no,0.0,13.0,12.0,12.0
338,GP,M,16,U,GT3,T,3,2,other,other,home,mother,1,1,0.0,no,yes,yes,no,no,yes,yes,no,5,4,3,1,1,5,0.0,12.0,14.0,15.0,0.0,no,4.0,12.0,12.0,12.0
339,GP,F,15,U,GT3,T,2,3,other,other,other,father,2,1,0.0,no,yes,no,yes,yes,yes,no,no,3,5,1,1,1,5,0.0,8.0,7.0,6.0,0.0,no,4.0,11.0,11.0,11.0
340,GP,M,15,U,LE3,T,4,3,teacher,services,home,mother,1,3,0.0,no,yes,no,yes,yes,yes,yes,no,5,4,3,1,1,4,2.0,15.0,16.0,18.0,0.0,no,0.0,14.0,14.0,14.0
341,GP,M,16,R,GT3,A,4,4,other,teacher,reputation,mother,2,3,0.0,no,yes,no,yes,yes,yes,yes,yes,2,4,3,1,1,5,7.0,15.0,16.0,15.0,0.0,no,4.0,13.0,13.0,13.0
342,GP,F,15,R,GT3,T,3,4,services,health,course,mother,1,3,0.0,yes,yes,yes,yes,yes,yes,yes,no,4,3,2,1,1,5,2.0,12.0,12.0,11.0,0.0,no,2.0,11.0,12.0,12.0
343,GP,F,15,R,GT3,T,2,2,at_home,other,reputation,mother,1,1,0.0,yes,yes,yes,yes,yes,yes,no,no,4,3,1,1,1,2,8.0,14.0,13.0,13.0,0.0,no,8.0,14.0,13.0,12.0
344,GP,F,16,U,LE3,T,2,2,other,other,home,mother,2,2,1.0,no,yes,no,yes,no,yes,yes,yes,3,3,3,1,2,3,25.0,7.0,10.0,11.0,0.0,no,16.0,11.0,11.0,10.0
345,GP,M,15,U,LE3,T,4,4,teacher,other,home,other,1,1,0.0,no,yes,no,no,no,yes,yes,yes,5,4,3,2,4,5,8.0,12.0,12.0,12.0,0.0,no,8.0,10.0,11.0,11.0
346,GP,M,15,U,GT3,T,4,4,services,teacher,course,father,1,2,0.0,no,yes,no,yes,yes,yes,yes,no,4,3,3,1,1,5,2.0,19.0,18.0,18.0,0.0,no,0.0,14.0,15.0,15.0
347,GP,M,15,U,GT3,T,2,2,services,services,course,father,1,1,0.0,yes,yes,no,no,yes,yes,yes,no,5,4,1,1,1,1,0.0,8.0,8.0,11.0,0.0,no,0.0,9.0,10.0,10.0
348,GP,F,16,U,LE3,T,2,2,other,at_home,course,father,2,2,1.0,yes,no,no,yes,yes,yes,yes,no,4,3,3,2,2,5,14.0,10.0,10.0,9.0,1.0,no,14.0,10.0,11.0,11.0
349,GP,F,15,U,LE3,A,4,3,other,other,course,mother,1,2,0.0,yes,yes,yes,yes,yes,yes,yes,yes,5,2,2,1,1,5,8.0,8.0,8.0,6.0,0.0,yes,4.0,10.0,11.0,11.0
350,GP,F,16,U,LE3,A,3,3,other,services,home,mother,1,2,0.0,no,yes,no,no,yes,yes,yes,no,2,3,5,1,4,3,12.0,11.0,12.0,11.0,0.0,no,6.0,13.0,12.0,13.0
351,GP,M,16,U,GT3,T,4,3,health,services,reputation,mother,1,4,0.0,no,no,no,yes,yes,yes,yes,no,4,2,2,1,1,2,4.0,19.0,19.0,20.0,0.0,no,2.0,17.0,17.0,17.0
352,GP,M,15,U,GT3,T,4,2,teacher,other,home,mother,1,2,0.0,no,yes,yes,no,yes,yes,no,no,4,3,3,2,2,5,2.0,15.0,15.0,14.0,0.0,no,4.0,11.0,12.0,13.0
353,GP,F,15,U,GT3,T,4,4,services,teacher,other,father,1,2,1.0,yes,yes,no,yes,no,yes,yes,no,4,4,4,1,1,3,2.0,7.0,7.0,7.0,0.0,no,2.0,13.0,12.0,12.0
354,GP,F,16,U,LE3,T,2,2,services,services,course,mother,3,2,0.0,no,yes,yes,no,yes,yes,yes,no,4,3,3,2,3,4,2.0,12.0,13.0,13.0,0.0,no,0.0,14.0,13.0,13.0
355,GP,F,15,U,LE3,T,4,2,health,other,other,mother,1,2,0.0,no,yes,yes,no,yes,yes,yes,no,4,3,3,1,1,5,2.0,11.0,13.0,13.0,0.0,no,0.0,16.0,14.0,16.0
356,GP,M,15,U,LE3,A,4,2,health,health,other,father,2,1,1.0,no,no,no,no,yes,yes,no,no,5,5,5,3,4,5,6.0,11.0,11.0,10.0,0.0,no,4.0,10.0,9.0,9.0
357,GP,F,15,U,GT3,T,4,4,services,services,course,mother,1,1,0.0,yes,yes,yes,no,yes,yes,yes,no,3,3,4,2,3,5,0.0,8.0,10.0,11.0,0.0,no,0.0,13.0,12.0,12.0
358,GP,F,15,U,LE3,A,3,3,other,other,other,mother,1,1,0.0,no,no,yes,no,yes,yes,yes,no,5,3,4,4,4,1,6.0,10.0,13.0,13.0,0.0,no,0.0,13.0,12.0,13.0
359,GP,F,16,U,GT3,A,2,1,other,other,other,mother,1,2,0.0,no,no,yes,yes,yes,yes,yes,yes,5,3,4,1,1,2,8.0,8.0,9.0,10.0,0.0,no,2.0,12.0,13.0,12.0
360,GP,F,15,U,GT3,A,4,3,services,services,reputation,mother,1,2,0.0,no,yes,yes,yes,yes,yes,yes,no,4,3,2,1,1,1,0.0,14.0,15.0,15.0,0.0,no,0.0,15.0,14.0,15.0
361,GP,M,15,U,GT3,T,4,4,teacher,health,reputation,mother,1,2,0.0,no,yes,no,yes,yes,yes,no,no,3,2,2,1,1,5,4.0,14.0,15.0,15.0,0.0,no,8.0,15.0,15.0,16.0
362,GP,M,15,U,LE3,T,1,2,other,at_home,home,father,1,2,0.0,yes,yes,no,yes,yes,yes,yes,no,4,3,2,1,1,5,2.0,9.0,10.0,9.0,0.0,no,0.0,14.0,13.0,14.0
363,GP,F,16,U,GT3,T,4,2,services,other,course,mother,1,2,0.0,no,yes,no,no,yes,yes,yes,no,4,2,3,1,1,5,2.0,15.0,16.0,16.0,0.0,yes,2.0,16.0,15.0,16.0
364,GP,F,16,R,GT3,T,4,4,health,teacher,other,mother,1,2,0.0,no,yes,no,yes,yes,yes,no,no,2,4,4,2,3,4,6.0,10.0,11.0,11.0,0.0,no,0.0,17.0,16.0,16.0
365,GP,F,16,U,GT3,T,1,1,services,services,course,father,4,1,0.0,yes,yes,no,yes,no,yes,yes,yes,5,5,5,5,5,5,6.0,10.0,8.0,11.0,0.0,no,0.0,10.0,10.0,16.0
366,GP,F,16,U,LE3,T,1,2,other,services,reputation,father,1,2,0.0,yes,no,no,yes,yes,yes,yes,no,4,4,3,1,1,1,4.0,8.0,10.0,9.0,0.0,no,0.0,13.0,13.0,10.0
367,GP,F,16,U,GT3,T,4,3,teacher,health,home,mother,1,3,0.0,yes,yes,yes,yes,yes,yes,yes,no,3,4,4,2,4,4,2.0,10.0,9.0,9.0,0.0,no,0.0,14.0,13.0,13.0
368,GP,F,15,U,LE3,T,4,3,services,services,reputation,father,1,2,0.0,yes,no,no,yes,yes,yes,yes,yes,4,4,4,2,4,2,0.0,10.0,10.0,10.0,0.0,no,0.0,13.0,12.0,12.0
369,GP,F,16,U,LE3,T,4,3,teacher,services,course,mother,3,2,0.0,no,yes,no,yes,yes,yes,yes,no,5,4,3,1,2,1,2.0,16.0,15.0,15.0,0.0,no,2.0,16.0,15.0,16.0
370,GP,M,15,U,GT3,A,4,4,other,services,reputation,mother,1,4,0.0,no,yes,no,yes,no,yes,yes,yes,1,3,3,5,5,3,4.0,13.0,13.0,12.0,0.0,no,0.0,11.0,12.0,12.0
371,GP,F,16,U,GT3,T,3,1,services,other,course,mother,1,4,0.0,yes,yes,yes,no,yes,yes,yes,no,4,3,3,1,2,5,4.0,7.0,7.0,6.0,0.0,no,0.0,10.0,9.0,10.0
372,GP,F,15,R,LE3,T,2,2,health,services,reputation,mother,2,2,0.0,yes,yes,yes,no,yes,yes,yes,no,4,1,3,1,3,4,2.0,8.0,9.0,8.0,0.0,no,0.0,11.0,10.0,11.0
373,GP,F,15,R,LE3,T,3,1,other,other,reputation,father,2,4,0.0,no,yes,no,no,no,yes,yes,no,4,4,2,2,3,3,12.0,16.0,16.0,16.0,0.0,no,6.0,15.0,15.0,15.0
374,GP,M,16,U,GT3,T,3,1,other,other,reputation,father,2,4,0.0,no,yes,yes,no,yes,yes,yes,no,4,3,2,1,1,5,0.0,13.0,15.0,15.0,0.0,no,2.0,13.0,11.0,11.0
375,GP,M,15,U,GT3,T,4,2,other,other,course,mother,1,4,0.0,no,no,no,no,yes,yes,yes,no,3,3,3,1,1,3,0.0,10.0,10.0,10.0,0.0,no,0.0,11.0,9.0,10.0
376,GP,F,15,R,GT3,T,1,1,other,other,reputation,mother,1,2,2.0,yes,yes,no,no,no,yes,yes,yes,3,3,4,2,4,5,2.0,8.0,6.0,5.0,0.0,no,2.0,13.0,11.0,11.0
377,GP,M,16,U,GT3,T,3,1,other,other,reputation,mother,1,1,0.0,no,no,no,yes,yes,yes,no,no,5,3,2,2,2,5,2.0,12.0,12.0,14.0,0.0,no,0.0,13.0,13.0,14.0
378,GP,F,16,U,GT3,T,3,3,other,services,home,mother,1,2,0.0,yes,yes,yes,yes,yes,yes,yes,no,4,3,3,2,4,5,54.0,11.0,12.0,11.0,0.0,no,4.0,11.0,11.0,11.0
379,GP,M,15,U,GT3,T,4,3,teacher,other,home,mother,1,2,0.0,no,yes,yes,yes,yes,yes,yes,no,4,3,3,2,3,5,6.0,9.0,9.0,10.0,0.0,no,0.0,11.0,11.0,11.0
380,GP,M,15,U,GT3,T,4,0,teacher,other,course,mother,2,4,0.0,no,no,no,yes,yes,yes,yes,no,3,4,3,1,1,1,8.0,11.0,11.0,10.0,0.0,no,0.0,12.0,11.0,11.0
381,GP,F,16,U,GT3,T,2,2,other,other,reputation,mother,1,4,0.0,no,no,yes,no,yes,yes,yes,yes,5,2,3,1,3,3,0.0,11.0,11.0,11.0,0.0,no,1.0,13.0,13.0,13.0
382,GP,M,17,U,GT3,T,2,1,other,other,home,mother,2,1,3.0,yes,yes,no,yes,yes,no,yes,no,4,5,1,1,1,3,2.0,8.0,8.0,10.0,3.0,no,0.0,9.0,9.0,10.0
383,GP,F,16,U,GT3,T,3,4,at_home,other,course,mother,1,2,0.0,no,yes,no,no,yes,yes,yes,no,2,4,3,1,2,3,12.0,5.0,5.0,5.0,0.0,no,14.0,12.0,11.0,11.0
384,GP,M,15,U,GT3,T,2,3,other,services,course,father,1,1,0.0,yes,yes,yes,yes,no,yes,yes,yes,3,2,2,1,3,3,2.0,10.0,12.0,12.0,0.0,no,0.0,11.0,11.0,12.0
385,GP,M,15,U,GT3,T,2,3,other,other,home,mother,1,3,0.0,yes,no,yes,no,no,yes,yes,no,5,3,2,1,2,5,4.0,11.0,10.0,11.0,0.0,no,2.0,10.0,9.0,9.0
386,GP,F,15,U,LE3,T,3,2,services,other,reputation,mother,1,2,0.0,no,yes,yes,no,yes,yes,yes,no,4,4,4,1,1,5,10.0,7.0,6.0,6.0,0.0,no,4.0,12.0,11.0,11.0
387,GP,M,15,U,LE3,T,2,2,services,services,home,mother,2,2,0.0,no,no,yes,yes,yes,yes,yes,no,5,3,3,1,3,4,4.0,15.0,15.0,15.0,0.0,yes,2.0,13.0,12.0,13.0
388,GP,F,15,U,GT3,T,1,1,other,other,home,father,1,2,0.0,no,yes,no,yes,no,yes,yes,no,4,3,2,2,3,4,2.0,9.0,10.0,10.0,0.0,no,2.0,13.0,12.0,12.0
389,GP,F,15,U,GT3,T,4,4,services,services,reputation,father,2,2,2.0,no,no,yes,no,yes,yes,yes,yes,4,4,4,2,3,5,6.0,7.0,9.0,8.0,0.0,no,4.0,12.0,11.0,12.0
390,GP,F,16,U,LE3,T,2,2,at_home,other,course,mother,1,2,0.0,no,yes,no,no,yes,yes,no,no,4,3,4,1,2,2,4.0,8.0,7.0,6.0,0.0,no,6.0,13.0,11.0,11.0
391,GP,F,15,U,GT3,T,4,2,other,other,reputation,mother,1,3,0.0,no,yes,no,yes,yes,yes,yes,no,5,3,3,1,3,1,4.0,13.0,14.0,14.0,0.0,no,4.0,15.0,15.0,15.0
392,GP,M,16,U,GT3,T,2,2,services,other,reputation,father,2,2,1.0,no,no,yes,yes,no,yes,yes,no,4,4,2,1,1,3,12.0,11.0,10.0,10.0,0.0,no,6.0,12.0,10.0,11.0
393,GP,M,16,U,LE3,A,4,4,teacher,health,reputation,mother,1,2,0.0,no,yes,no,no,yes,yes,no,no,4,1,3,3,5,5,18.0,8.0,6.0,7.0,0.0,no,6.0,9.0,9.0,10.0
394,GP,F,16,U,GT3,T,3,3,other,other,home,mother,1,3,0.0,no,yes,yes,no,yes,yes,yes,yes,4,3,3,1,3,4,0.0,7.0,7.0,8.0,0.0,no,2.0,9.0,11.0,11.0
395,GP,F,15,U,GT3,T,4,3,services,other,reputation,mother,1,1,0.0,no,no,yes,yes,yes,yes,yes,no,4,5,5,1,3,1,4.0,16.0,17.0,18.0,0.0,no,6.0,14.0,13.0,13.0
396,GP,F,16,U,LE3,T,3,1,other,other,home,father,1,2,0.0,yes,yes,no,no,yes,yes,no,no,3,3,3,2,3,2,4.0,7.0,6.0,6.0,0.0,no,0.0,12.0,13.0,12.0
397,GP,F,16,U,GT3,T,4,2,teacher,services,home,mother,2,2,0.0,no,yes,yes,yes,yes,yes,yes,no,5,3,3,1,1,1,0.0,11.0,10.0,10.0,0.0,no,2.0,13.0,14.0,14.0
398,GP,M,15,U,LE3,T,2,2,services,health,reputation,mother,1,4,0.0,no,yes,no,yes,yes,yes,yes,no,4,3,4,1,1,4,6.0,11.0,13.0,14.0,0.0,no,2.0,11.0,12.0,12.0
399,GP,F,15,R,GT3,T,1,1,at_home,other,home,mother,2,4,1.0,yes,yes,yes,yes,yes,yes,yes,no,3,1,2,1,1,1,2.0,7.0,10.0,10.0,0.0,yes,4.0,13.0,13.0,13.0
400,GP,M,16,R,GT3,T,4,3,services,other,reputation,mother,2,1,0.0,yes,yes,no,yes,no,yes,yes,no,3,3,3,1,1,4,2.0,11.0,15.0,15.0,0.0,yes,6.0,9.0,11.0,11.0
401,GP,F,16,U,GT3,T,2,1,other,other,course,mother,1,2,0.0,no,yes,yes,no,yes,yes,no,yes,4,3,5,1,1,5,2.0,8.0,9.0,10.0,0.0,no,0.0,13.0,12.0,12.0
402,GP,F,16,U,GT3,T,4,4,other,other,reputation,mother,1,1,0.0,no,no,no,yes,no,yes,yes,no,5,3,4,1,2,1,6.0,11.0,14.0,14.0,0.0,no,4.0,12.0,13.0,13.0
403,GP,F,16,U,GT3,T,4,3,other,at_home,course,mother,1,3,0.0,yes,yes,yes,no,yes,yes,yes,no,5,3,5,1,1,3,0.0,7.0,9.0,8.0,0.0,no,2.0,12.0,13.0,13.0
404,GP,M,16,U,GT3,T,4,4,services,services,other,mother,1,1,0.0,yes,yes,yes,yes,yes,yes,yes,no,4,5,5,5,5,4,14.0,7.0,7.0,5.0,0.0,no,12.0,9.0,9.0,8.0
405,GP,M,16,U,GT3,T,4,4,services,teacher,other,father,1,3,0.0,no,yes,no,yes,yes,yes,yes,yes,4,4,3,1,1,4,0.0,16.0,17.0,17.0,0.0,no,0.0,16.0,16.0,16.0
406,GP,M,15,U,GT3,T,4,4,services,other,course,mother,1,1,0.0,no,yes,no,yes,no,yes,yes,no,5,3,3,1,1,5,4.0,10.0,13.0,14.0,0.0,yes,2.0,12.0,13.0,12.0
407,GP,F,15,U,GT3,T,3,2,services,other,home,mother,2,2,0.0,yes,yes,yes,no,yes,yes,yes,no,4,3,5,1,1,2,26.0,7.0,6.0,6.0,0.0,no,16.0,11.0,10.0,10.0
408,GP,M,15,U,GT3,A,3,4,services,other,course,mother,1,2,0.0,no,yes,yes,yes,yes,yes,yes,no,5,4,4,1,1,1,0.0,16.0,18.0,18.0,0.0,no,0.0,16.0,16.0,16.0
409,GP,F,15,U,GT3,A,3,3,other,health,reputation,father,1,4,0.0,yes,no,no,no,yes,yes,no,no,4,3,3,1,1,4,10.0,10.0,11.0,11.0,0.0,no,10.0,10.0,10.0,10.0
410,GP,F,15,U,GT3,T,2,2,other,other,course,mother,1,4,0.0,yes,yes,yes,no,yes,yes,yes,no,5,1,2,1,1,3,8.0,7.0,8.0,8.0,0.0,no,4.0,10.0,10.0,10.0
411,GP,M,16,U,GT3,T,3,3,services,other,home,father,1,3,0.0,no,yes,no,yes,yes,yes,yes,no,5,3,3,1,1,5,2.0,16.0,18.0,18.0,0.0,no,4.0,13.0,14.0,14.0
412,GP,M,15,R,GT3,T,4,4,other,other,home,father,4,4,0.0,no,yes,yes,yes,yes,yes,yes,yes,1,3,5,3,5,1,6.0,10.0,13.0,13.0,0.0,no,8.0,12.0,10.0,11.0
413,GP,F,16,U,LE3,T,4,4,health,health,other,mother,1,3,0.0,no,yes,yes,yes,yes,yes,yes,yes,5,4,5,1,1,4,4.0,14.0,15.0,16.0,0.0,no,2.0,15.0,15.0,14.0
414,GP,M,15,U,LE3,A,4,4,teacher,teacher,course,mother,1,1,0.0,no,no,no,yes,yes,yes,yes,no,5,5,3,1,1,4,6.0,18.0,19.0,19.0,0.0,no,4.0,13.0,14.0,14.0
415,GP,F,16,R,GT3,T,3,3,services,other,reputation,father,1,3,1.0,yes,yes,no,yes,yes,yes,yes,no,4,1,2,1,1,2,0.0,7.0,10.0,10.0,0.0,no,4.0,11.0,11.0,11.0
416,GP,F,16,U,GT3,T,2,2,at_home,other,home,mother,1,2,1.0,yes,no,no,yes,yes,yes,yes,no,3,1,2,1,1,5,6.0,10.0,13.0,13.0,1.0,no,12.0,8.0,10.0,10.0
417,GP,M,15,U,LE3,T,4,2,teacher,other,course,mother,1,1,0.0,no,no,no,no,yes,yes,yes,no,3,5,2,1,1,3,10.0,18.0,19.0,19.0,0.0,no,10.0,18.0,17.0,18.0
418,GP,M,15,R,GT3,T,2,1,health,services,reputation,mother,1,2,0.0,no,no,no,yes,yes,yes,yes,yes,5,4,2,1,1,5,8.0,9.0,9.0,9.0,0.0,no,4.0,10.0,9.0,10.0
419,GP,M,16,U,GT3,T,4,4,teacher,teacher,course,father,1,2,0.0,no,yes,no,yes,yes,yes,yes,no,5,4,4,1,2,5,2.0,15.0,15.0,16.0,0.0,no,6.0,16.0,14.0,14.0
420,GP,M,15,U,GT3,T,4,4,other,teacher,reputation,father,2,2,0.0,no,yes,no,yes,yes,yes,no,no,4,4,3,1,1,2,2.0,11.0,13.0,14.0,0.0,no,4.0,16.0,15.0,16.0
421,GP,M,16,U,GT3,T,3,3,other,services,home,father,2,1,0.0,no,no,no,yes,yes,yes,yes,no,5,4,2,1,1,5,0.0,13.0,14.0,13.0,0.0,no,6.0,14.0,14.0,15.0
422,GP,M,17,R,GT3,T,1,3,other,other,course,father,3,2,1.0,no,yes,no,yes,yes,yes,yes,no,5,2,4,1,4,5,20.0,9.0,7.0,8.0,1.0,no,14.0,12.0,11.0,11.0
423,GP,M,15,U,GT3,T,3,4,other,other,reputation,father,1,1,0.0,no,no,no,no,yes,yes,yes,no,3,4,3,1,2,4,6.0,14.0,13.0,13.0,0.0,no,2.0,14.0,13.0,14.0
424,GP,F,15,U,GT3,T,1,2,at_home,services,course,mother,1,2,0.0,no,no,no,no,no,yes,yes,no,3,2,3,1,2,1,2.0,16.0,15.0,15.0,0.0,no,0.0,14.0,14.0,14.0
425,GP,M,15,U,GT3,T,2,2,services,services,home,father,1,4,0.0,no,yes,yes,yes,yes,yes,yes,no,5,5,4,1,2,5,6.0,16.0,14.0,15.0,0.0,no,6.0,14.0,13.0,13.0
426,GP,F,16,U,LE3,T,2,4,other,health,course,father,2,2,0.0,no,yes,yes,yes,yes,yes,yes,yes,4,2,2,1,2,5,2.0,13.0,13.0,13.0,0.0,no,2.0,14.0,12.0,13.0
427,GP,M,16,U,GT3,T,4,4,health,other,course,mother,1,1,0.0,no,yes,no,yes,yes,yes,yes,no,3,4,4,1,4,5,18.0,14.0,11.0,13.0,0.0,no,4.0,12.0,13.0,13.0
428,GP,F,16,U,GT3,T,2,2,other,other,home,mother,1,2,0.0,no,no,yes,no,yes,yes,yes,yes,5,4,4,1,1,5,0.0,8.0,7.0,8.0,0.0,no,0.0,12.0,11.0,11.0
429,GP,M,15,U,GT3,T,3,4,services,services,home,father,1,1,0.0,yes,no,no,no,yes,yes,yes,no,5,5,5,3,2,5,0.0,13.0,13.0,12.0,0.0,no,2.0,9.0,9.0,9.0
430,GP,F,15,U,LE3,A,3,4,other,other,home,mother,1,2,0.0,yes,no,no,yes,yes,yes,yes,yes,5,3,2,1,1,1,0.0,7.0,10.0,11.0,0.0,no,0.0,10.0,11.0,11.0
431,GP,F,19,U,GT3,T,0,1,at_home,other,course,other,1,2,3.0,no,yes,no,no,no,no,no,no,3,4,2,1,1,5,2.0,7.0,8.0,9.0,2.0,no,0.0,9.0,10.0,11.0
432,GP,M,16,R,GT3,T,4,4,teacher,teacher,course,mother,1,1,0.0,no,no,yes,yes,yes,yes,yes,no,3,5,5,2,5,4,8.0,18.0,18.0,18.0,0.0,no,8.0,14.0,14.0,15.0
433,GP,F,15,R,GT3,T,3,4,services,teacher,course,father,2,3,2.0,no,yes,no,no,yes,yes,yes,yes,4,2,2,2,2,5,0.0,12.0,0.0,0.0,0.0,no,0.0,10.0,11.0,12.0
434,GP,F,15,U,GT3,T,1,1,at_home,other,course,mother,3,1,0.0,no,yes,no,yes,no,yes,yes,yes,4,3,3,1,2,4,0.0,8.0,0.0,0.0,0.0,no,6.0,11.0,12.0,13.0
435,GP,F,17,U,LE3,T,2,2,other,other,course,father,1,1,0.0,no,yes,no,no,yes,yes,yes,yes,3,4,4,1,3,5,12.0,10.0,13.0,12.0,0.0,no,2.0,13.0,12.0,12.0
436,GP,F,16,U,GT3,A,3,4,services,other,course,father,1,1,0.0,no,no,no,no,yes,yes,yes,no,3,2,1,1,4,5,16.0,12.0,11.0,11.0,0.0,no,12.0,15.0,13.0,14.0
437,GP,M,15,R,GT3,T,3,4,at_home,teacher,course,mother,4,2,0.0,no,yes,no,no,yes,yes,no,yes,5,3,3,1,1,5,0.0,9.0,0.0,0.0,0.0,no,2.0,12.0,11.0,11.0
438,GP,F,15,U,GT3,T,4,4,services,at_home,course,mother,1,3,0.0,no,yes,no,yes,yes,yes,yes,yes,4,3,3,1,1,5,0.0,11.0,0.0,0.0,0.0,no,4.0,13.0,14.0,15.0
439,GP,M,17,R,GT3,T,3,4,at_home,other,course,mother,3,2,0.0,no,no,no,no,yes,yes,no,no,5,4,5,2,4,5,0.0,10.0,0.0,0.0,0.0,no,2.0,10.0,9.0,10.0
440,GP,F,16,U,GT3,A,3,3,other,other,course,other,2,1,2.0,no,yes,no,yes,no,yes,yes,yes,4,3,2,1,1,5,0.0,4.0,0.0,0.0,0.0,no,4.0,9.0,9.0,10.0
441,GP,M,16,U,LE3,T,1,1,services,other,course,mother,1,2,1.0,no,no,no,no,yes,yes,no,yes,4,4,4,1,3,5,0.0,14.0,12.0,12.0,2.0,no,0.0,10.0,10.0,10.0
442,GP,F,15,U,GT3,T,4,4,teacher,teacher,course,mother,2,1,0.0,no,no,no,yes,yes,yes,yes,no,4,3,2,1,1,5,0.0,16.0,16.0,15.0,0.0,no,6.0,13.0,14.0,14.0
443,GP,M,15,U,GT3,T,4,3,teacher,services,course,father,2,4,0.0,yes,yes,no,no,yes,yes,yes,no,2,2,2,1,1,3,0.0,7.0,9.0,0.0,0.0,no,6.0,9.0,11.0,11.0
444,GP,M,16,U,LE3,T,2,2,services,services,reputation,father,2,1,2.0,no,yes,no,yes,yes,yes,yes,no,2,3,3,2,2,2,8.0,9.0,9.0,9.0,0.0,no,4.0,12.0,11.0,11.0
445,GP,F,15,U,GT3,T,4,4,teacher,services,course,mother,1,3,0.0,no,yes,yes,yes,yes,yes,yes,no,4,2,2,1,1,5,2.0,9.0,11.0,11.0,0.0,no,2.0,13.0,13.0,13.0
446,GP,F,16,U,LE3,T,1,1,at_home,at_home,course,mother,1,1,0.0,no,no,no,no,yes,yes,yes,no,3,4,4,3,3,1,2.0,14.0,14.0,13.0,0.0,no,4.0,10.0,11.0,11.0
447,GP,M,17,U,GT3,T,2,1,other,other,home,mother,1,1,3.0,no,yes,no,no,yes,yes,yes,no,5,4,5,1,2,5,0.0,5.0,0.0,0.0,0.0,no,22.0,9.0,7.0,6.0
448,GP,F,15,U,GT3,T,1,1,other,services,course,father,1,2,0.0,no,yes,yes,no,yes,yes,yes,no,4,4,2,1,2,5,0.0,8.0,11.0,11.0,0.0,no,0.0,12.0,12.0,12.0
449,GP,F,15,U,GT3,T,3,2,health,services,home,father,1,2,3.0,no,yes,no,no,yes,yes,yes,no,3,3,2,1,1,3,0.0,6.0,7.0,0.0,1.0,no,2.0,11.0,11.0,11.0
450,GP,F,15,U,GT3,T,1,2,at_home,other,course,mother,1,2,0.0,no,yes,yes,no,no,yes,yes,no,4,3,2,1,1,5,2.0,10.0,11.0,11.0,0.0,no,6.0,13.0,12.0,13.0
451,GP,M,16,U,GT3,T,4,4,teacher,teacher,course,mother,1,1,0.0,no,yes,no,no,yes,no,yes,yes,3,3,2,2,1,5,0.0,7.0,6.0,0.0,0.0,no,16.0,9.0,9.0,8.0
452,GP,M,15,U,LE3,A,2,1,services,other,course,mother,4,1,3.0,no,no,no,no,yes,yes,yes,no,4,5,5,2,5,5,0.0,8.0,9.0,10.0,0.0,no,0.0,12.0,11.0,11.0
453,GP,M,18,U,LE3,T,1,1,other,other,course,mother,1,1,3.0,no,no,no,no,yes,no,yes,yes,2,3,5,2,5,4,0.0,6.0,5.0,0.0,2.0,no,0.0,11.0,9.0,0.0
454,GP,M,16,U,LE3,T,2,1,at_home,other,course,mother,1,1,1.0,no,no,no,yes,yes,yes,no,yes,4,4,4,3,5,5,6.0,12.0,13.0,14.0,1.0,no,6.0,9.0,10.0,10.0
455,GP,F,15,R,GT3,T,3,3,services,services,reputation,other,2,3,2.0,no,yes,yes,yes,yes,yes,yes,yes,4,2,1,2,3,3,8.0,10.0,10.0,10.0,0.0,yes,2.0,13.0,13.0,13.0
456,GP,M,19,U,GT3,T,3,2,services,at_home,home,mother,1,1,3.0,no,yes,no,no,yes,no,yes,yes,4,5,4,1,1,4,0.0,5.0,0.0,0.0,0.0,no,6.0,11.0,9.0,11.0
457,GP,F,17,U,GT3,T,4,4,other,teacher,course,mother,1,1,0.0,yes,yes,no,no,yes,yes,no,yes,4,2,1,1,1,4,0.0,11.0,11.0,12.0,0.0,no,0.0,13.0,13.0,13.0
458,GP,M,15,R,GT3,T,2,3,at_home,services,course,mother,1,2,0.0,yes,no,yes,yes,yes,yes,no,no,4,4,4,1,1,1,2.0,11.0,8.0,8.0,0.0,yes,0.0,7.0,8.0,8.0
459,GP,M,17,R,LE3,T,1,2,other,other,reputation,mother,1,1,0.0,no,no,no,no,yes,yes,no,no,2,2,2,3,3,5,8.0,16.0,12.0,13.0,3.0,no,14.0,9.0,8.0,10.0
460,GP,F,18,R,GT3,T,1,1,at_home,other,course,mother,3,1,3.0,no,yes,no,yes,no,yes,no,no,5,2,5,1,5,4,6.0,9.0,8.0,10.0,3.0,no,6.0,11.0,10.0,11.0
461,GP,M,16,R,GT3,T,2,2,at_home,other,course,mother,3,1,0.0,no,no,no,no,no,yes,no,no,4,2,2,1,2,3,2.0,17.0,15.0,15.0,0.0,no,4.0,12.0,10.0,11.0
462,GP,M,16,U,GT3,T,3,3,other,services,course,father,1,2,1.0,no,yes,yes,no,yes,yes,yes,yes,4,5,5,4,4,5,4.0,10.0,12.0,12.0,1.0,no,0.0,10.0,10.0,1.0
463,GP,M,17,R,LE3,T,2,1,at_home,other,course,mother,2,1,2.0,no,no,no,yes,yes,no,yes,yes,3,3,2,2,2,5,0.0,7.0,6.0,0.0,1.0,yes,8.0,8.0,8.0,9.0
464,GP,M,17,R,LE3,T,1,1,other,services,course,mother,4,2,3.0,no,no,no,yes,yes,no,no,yes,5,3,5,1,5,5,0.0,5.0,8.0,7.0,0.0,no,0.0,8.0,8.0,8.0
465,GP,M,16,U,GT3,T,2,2,other,other,course,father,1,2,0.0,no,no,no,no,yes,no,yes,no,4,3,5,2,4,4,4.0,10.0,10.0,10.0,0.0,no,0.0,9.0,10.0,11.0
466,GP,F,16,U,GT3,T,4,2,health,services,home,father,1,2,0.0,no,no,yes,no,yes,yes,yes,yes,4,2,3,1,1,3,0.0,14.0,15.0,16.0,0.0,no,0.0,17.0,17.0,18.0
467,GP,F,16,U,GT3,T,2,2,other,other,home,mother,1,2,0.0,no,yes,yes,no,no,yes,yes,no,5,1,5,1,1,4,0.0,6.0,7.0,0.0,0.0,no,0.0,12.0,12.0,13.0
468,GP,F,16,U,GT3,T,4,4,health,health,reputation,mother,1,2,0.0,no,yes,yes,no,yes,yes,yes,yes,4,4,2,1,1,3,0.0,14.0,14.0,14.0,0.0,no,0.0,16.0,16.0,17.0
469,GP,M,16,U,GT3,T,3,4,other,other,course,father,3,1,2.0,no,yes,no,yes,no,yes,yes,no,3,4,5,2,4,2,0.0,6.0,5.0,0.0,1.0,no,4.0,9.0,9.0,10.0
470,GP,M,16,U,GT3,T,1,0,other,other,reputation,mother,2,2,0.0,no,yes,yes,yes,yes,yes,yes,yes,4,3,2,1,1,3,2.0,13.0,15.0,16.0,0.0,no,0.0,16.0,17.0,18.0
471,GP,M,17,U,LE3,T,4,4,teacher,other,reputation,mother,1,2,0.0,no,yes,yes,yes,yes,yes,yes,no,4,4,4,1,3,5,0.0,13.0,11.0,10.0,0.0,no,0.0,11.0,9.0,10.0
472,GP,F,16,U,GT3,T,1,3,at_home,services,home,mother,1,2,3.0,no,no,no,yes,no,yes,yes,yes,4,3,5,1,1,3,0.0,8.0,7.0,0.0,0.0,no,0.0,14.0,13.0,13.0
473,GP,F,16,U,LE3,T,3,3,other,other,reputation,mother,2,2,0.0,no,yes,yes,yes,yes,yes,yes,no,4,4,5,1,1,4,4.0,10.0,11.0,9.0,0.0,no,0.0,14.0,14.0,15.0
474,GP,M,17,U,LE3,T,4,3,teacher,other,course,mother,2,2,0.0,no,no,yes,yes,yes,yes,yes,no,4,4,4,4,4,4,4.0,10.0,9.0,9.0,0.0,no,0.0,10.0,11.0,11.0
475,GP,F,16,U,GT3,T,2,2,services,other,reputation,mother,2,2,0.0,no,no,yes,yes,no,yes,yes,no,3,4,4,1,4,5,2.0,13.0,13.0,11.0,0.0,no,0.0,13.0,12.0,14.0
476,GP,M,17,U,GT3,T,3,3,other,other,reputation,father,1,2,0.0,no,no,no,yes,no,yes,yes,no,4,3,4,1,4,4,4.0,6.0,5.0,6.0,0.0,no,4.0,11.0,9.0,10.0
477,GP,M,16,R,GT3,T,4,2,teacher,services,other,mother,1,1,0.0,no,yes,no,yes,yes,yes,yes,yes,4,3,3,3,4,3,10.0,10.0,8.0,9.0,0.0,no,8.0,10.0,9.0,11.0
478,GP,M,17,U,GT3,T,4,3,other,other,course,mother,1,2,0.0,no,yes,no,yes,yes,yes,yes,yes,5,2,3,1,1,2,4.0,10.0,10.0,11.0,0.0,yes,4.0,11.0,11.0,13.0
479,GP,M,16,U,GT3,T,4,3,teacher,other,home,mother,1,2,0.0,no,yes,yes,yes,yes,yes,yes,no,3,4,3,2,3,3,10.0,9.0,8.0,8.0,0.0,yes,4.0,11.0,10.0,11.0
480,GP,M,16,U,GT3,T,3,3,services,other,home,mother,1,2,0.0,no,no,yes,yes,yes,yes,yes,yes,4,2,3,1,2,3,2.0,12.0,13.0,12.0,0.0,no,0.0,11.0,12.0,13.0
481,GP,F,17,U,GT3,T,2,4,services,services,reputation,father,1,2,0.0,no,yes,no,yes,yes,yes,no,no,5,4,2,2,3,5,0.0,16.0,17.0,17.0,0.0,no,0.0,17.0,18.0,17.0
482,GP,F,17,U,LE3,T,3,3,other,other,reputation,mother,1,2,0.0,no,yes,no,yes,yes,yes,yes,yes,5,3,3,2,3,1,56.0,9.0,9.0,8.0,0.0,no,32.0,14.0,13.0,14.0
483,GP,F,16,U,GT3,T,3,2,other,other,reputation,mother,1,2,0.0,no,yes,yes,no,yes,yes,yes,no,1,2,2,1,2,1,14.0,12.0,13.0,12.0,0.0,no,8.0,14.0,15.0,16.0
484,GP,M,17,U,GT3,T,3,3,services,services,other,mother,1,2,0.0,no,yes,no,yes,yes,yes,yes,yes,4,3,4,2,3,4,12.0,12.0,12.0,11.0,0.0,no,6.0,11.0,13.0,14.0
485,GP,M,16,U,GT3,T,1,2,services,services,other,mother,1,1,0.0,no,yes,yes,yes,yes,yes,yes,yes,3,3,3,1,2,3,2.0,11.0,12.0,11.0,0.0,no,0.0,10.0,9.0,11.0
486,GP,M,16,U,LE3,T,2,1,other,other,course,mother,1,2,0.0,no,no,yes,yes,yes,yes,yes,yes,4,2,3,1,2,5,0.0,15.0,15.0,15.0,0.0,no,0.0,13.0,14.0,16.0
487,GP,F,17,U,GT3,A,3,3,health,other,reputation,mother,1,2,0.0,no,yes,no,no,no,yes,yes,yes,3,3,3,1,3,3,6.0,8.0,7.0,9.0,0.0,no,10.0,12.0,13.0,14.0
488,GP,M,17,R,GT3,T,1,2,at_home,other,home,mother,1,2,0.0,no,no,no,no,yes,yes,no,no,3,1,3,1,5,3,4.0,8.0,9.0,10.0,0.0,no,6.0,9.0,9.0,10.0
489,GP,F,16,U,GT3,T,2,3,services,services,course,mother,1,2,0.0,no,no,no,no,yes,yes,yes,no,4,3,3,1,1,2,10.0,11.0,12.0,13.0,0.0,no,6.0,12.0,12.0,13.0
490,GP,F,17,U,GT3,T,1,1,at_home,services,course,mother,1,2,0.0,no,no,no,yes,yes,yes,yes,no,5,3,3,1,1,3,0.0,8.0,8.0,9.0,0.0,no,0.0,12.0,11.0,12.0
491,GP,M,17,U,GT3,T,1,2,at_home,services,other,other,2,2,0.0,no,no,yes,yes,no,yes,yes,no,4,4,4,4,5,5,12.0,7.0,8.0,8.0,0.0,no,16.0,10.0,11.0,12.0
492,GP,M,16,R,GT3,T,3,3,services,services,reputation,mother,1,1,0.0,no,yes,no,yes,yes,yes,yes,no,4,3,2,3,4,5,8.0,8.0,9.0,10.0,0.0,no,0.0,11.0,10.0,10.0
493,GP,M,16,U,GT3,T,2,3,other,other,home,father,2,1,0.0,no,no,no,no,yes,yes,yes,no,5,3,3,1,1,3,0.0,13.0,14.0,14.0,0.0,no,0.0,13.0,12.0,12.0
494,GP,F,17,U,LE3,T,2,4,services,services,course,father,1,2,0.0,no,no,no,yes,yes,yes,yes,yes,4,3,2,1,1,5,0.0,14.0,15.0,15.0,0.0,no,8.0,14.0,15.0,16.0
495,GP,M,17,U,GT3,T,4,4,services,teacher,home,mother,1,1,0.0,no,no,no,no,yes,yes,yes,no,5,2,3,1,2,5,4.0,17.0,15.0,16.0,0.0,no,4.0,13.0,13.0,14.0
496,GP,M,16,R,LE3,T,3,3,teacher,other,home,father,3,1,0.0,no,yes,yes,yes,yes,yes,yes,no,3,3,4,3,5,3,8.0,9.0,9.0,10.0,0.0,no,16.0,10.0,11.0,12.0
497,GP,F,17,U,GT3,T,4,4,services,teacher,home,mother,2,1,1.0,no,yes,no,no,yes,yes,yes,no,4,2,4,2,3,2,24.0,18.0,18.0,18.0,1.0,no,30.0,14.0,15.0,16.0
498,GP,F,16,U,LE3,T,4,4,teacher,teacher,reputation,mother,1,2,0.0,no,yes,yes,no,yes,yes,yes,no,4,5,2,1,2,3,0.0,9.0,9.0,10.0,0.0,no,0.0,11.0,10.0,11.0
499,GP,F,16,U,GT3,T,4,3,health,other,home,mother,1,2,0.0,no,yes,no,yes,yes,yes,yes,no,4,3,5,1,5,2,2.0,16.0,16.0,16.0,0.0,no,2.0,14.0,14.0,15.0
500,GP,F,16,U,GT3,T,2,3,other,other,reputation,mother,1,2,0.0,yes,yes,yes,yes,yes,yes,no,no,4,4,3,1,3,4,6.0,8.0,10.0,10.0,0.0,no,4.0,11.0,12.0,12.0
501,GP,F,17,U,GT3,T,1,1,other,other,course,mother,1,2,0.0,no,yes,yes,no,no,yes,no,no,4,4,4,1,3,1,4.0,9.0,9.0,10.0,0.0,no,0.0,14.0,15.0,15.0
502,GP,F,17,R,GT3,T,2,2,other,other,reputation,mother,1,1,0.0,no,yes,no,no,yes,yes,yes,no,5,3,2,1,2,3,18.0,7.0,6.0,6.0,0.0,no,21.0,13.0,13.0,13.0
503,GP,F,16,R,GT3,T,2,2,services,services,reputation,mother,2,4,0.0,no,yes,yes,yes,no,yes,yes,no,5,3,5,1,1,5,6.0,10.0,10.0,11.0,0.0,no,6.0,13.0,13.0,13.0
504,GP,F,17,U,GT3,T,3,4,at_home,services,home,mother,1,3,1.0,no,yes,yes,no,yes,yes,yes,yes,4,4,3,3,4,5,28.0,10.0,9.0,9.0,1.0,yes,14.0,8.0,9.0,8.0
505,GP,F,16,U,GT3,A,3,1,services,other,course,mother,1,2,3.0,no,yes,yes,no,yes,yes,yes,no,2,3,3,2,2,4,5.0,7.0,7.0,7.0,0.0,no,2.0,11.0,11.0,12.0
506,GP,F,16,U,GT3,T,4,3,teacher,other,other,mother,1,2,0.0,no,no,yes,yes,yes,yes,yes,yes,1,3,2,1,1,1,10.0,11.0,12.0,13.0,0.0,no,4.0,14.0,15.0,15.0
507,GP,F,16,U,GT3,T,1,1,at_home,other,home,mother,2,1,0.0,no,yes,yes,no,yes,yes,no,no,4,3,2,1,4,5,6.0,9.0,9.0,10.0,0.0,no,2.0,12.0,13.0,13.0
508,GP,F,17,R,GT3,T,4,3,teacher,other,reputation,mother,2,3,0.0,no,yes,yes,yes,yes,yes,yes,yes,4,4,2,1,1,4,6.0,7.0,7.0,7.0,0.0,no,0.0,11.0,12.0,12.0
509,GP,F,19,U,GT3,T,3,3,other,other,reputation,other,1,4,0.0,no,yes,yes,yes,yes,yes,yes,no,4,3,3,1,2,3,10.0,8.0,8.0,8.0,0.0,no,4.0,12.0,12.0,12.0
510,GP,M,17,U,LE3,T,4,4,services,other,home,mother,1,2,0.0,no,yes,yes,no,yes,yes,yes,yes,5,3,5,4,5,3,13.0,12.0,12.0,13.0,0.0,no,15.0,13.0,12.0,12.0
511,GP,F,16,U,GT3,A,2,2,other,other,reputation,mother,1,2,0.0,yes,yes,yes,no,yes,yes,yes,no,3,3,4,1,1,4,0.0,12.0,13.0,14.0,0.0,no,0.0,13.0,13.0,13.0
512,GP,M,18,U,GT3,T,2,2,services,other,home,mother,1,2,1.0,no,yes,yes,yes,yes,yes,yes,no,4,4,4,2,4,5,15.0,6.0,7.0,8.0,0.0,no,10.0,12.0,11.0,11.0
513,GP,F,17,R,LE3,T,4,4,services,other,other,mother,1,1,0.0,no,yes,yes,no,yes,yes,no,no,5,2,1,1,2,3,12.0,8.0,10.0,10.0,0.0,no,6.0,12.0,11.0,11.0
514,GP,F,17,U,LE3,T,3,2,other,other,reputation,mother,2,2,0.0,no,no,yes,no,yes,yes,yes,no,4,4,4,1,3,1,2.0,14.0,15.0,15.0,0.0,no,2.0,14.0,16.0,15.0
515,GP,F,17,U,GT3,T,4,3,other,other,reputation,mother,1,2,2.0,no,no,yes,no,yes,yes,yes,yes,3,4,5,2,4,1,22.0,6.0,6.0,4.0,0.0,no,16.0,11.0,9.0,10.0
516,GP,M,18,U,LE3,T,3,3,services,health,home,father,1,2,1.0,no,yes,yes,no,yes,yes,yes,no,3,2,4,2,4,4,13.0,6.0,6.0,8.0,0.0,no,10.0,10.0,10.0,10.0
517,GP,F,17,U,GT3,T,2,3,at_home,other,home,father,2,1,0.0,no,yes,yes,no,yes,yes,no,no,3,3,3,1,4,3,3.0,7.0,7.0,8.0,0.0,no,4.0,12.0,13.0,13.0
518,GP,F,17,U,GT3,T,2,2,at_home,at_home,course,mother,1,3,0.0,no,yes,yes,yes,yes,yes,yes,no,4,3,3,1,1,4,4.0,9.0,10.0,10.0,0.0,no,0.0,12.0,12.0,13.0
519,GP,F,17,R,GT3,T,2,1,at_home,services,reputation,mother,2,2,0.0,no,yes,no,yes,yes,yes,yes,no,4,2,5,1,2,5,2.0,6.0,6.0,6.0,0.0,no,0.0,11.0,10.0,11.0
520,GP,F,17,U,GT3,T,1,1,at_home,other,reputation,mother,1,3,1.0,no,yes,no,yes,yes,yes,no,yes,4,3,4,1,1,5,0.0,6.0,5.0,0.0,0.0,no,12.0,12.0,12.0,12.0
521,GP,F,16,U,GT3,T,2,3,services,teacher,other,mother,1,2,0.0,yes,no,no,no,yes,yes,yes,no,2,3,1,1,1,3,2.0,16.0,16.0,17.0,0.0,no,0.0,13.0,13.0,14.0
522,GP,M,18,U,GT3,T,2,2,other,other,home,mother,2,2,0.0,no,yes,yes,no,yes,yes,yes,no,3,3,3,5,5,4,0.0,12.0,13.0,13.0,3.0,yes,9.0,10.0,9.0,10.0
523,GP,F,16,U,GT3,T,4,4,teacher,services,home,mother,1,3,0.0,no,yes,no,yes,no,yes,yes,no,5,3,2,1,1,5,0.0,13.0,13.0,14.0,0.0,no,4.0,15.0,16.0,16.0
524,GP,F,18,R,GT3,T,3,1,other,other,reputation,mother,1,2,1.0,no,no,no,yes,yes,yes,yes,yes,5,3,3,1,1,4,16.0,9.0,8.0,7.0,0.0,no,4.0,8.0,8.0,8.0
525,GP,F,17,U,GT3,T,3,2,other,other,course,mother,1,2,0.0,no,no,no,yes,no,yes,yes,no,5,3,4,1,3,3,10.0,16.0,15.0,15.0,0.0,no,2.0,17.0,18.0,17.0
526,GP,M,17,U,LE3,T,2,3,services,services,reputation,father,1,2,0.0,no,yes,yes,no,no,yes,yes,no,5,3,3,1,3,3,2.0,12.0,11.0,12.0,0.0,no,0.0,10.0,11.0,11.0
527,GP,M,18,U,LE3,T,2,1,at_home,other,course,mother,4,2,0.0,yes,yes,yes,yes,yes,yes,yes,yes,4,3,2,4,5,3,14.0,10.0,8.0,9.0,0.0,no,2.0,9.0,10.0,11.0
528,GP,F,17,U,GT3,A,2,1,other,other,course,mother,2,3,0.0,no,no,no,yes,yes,yes,yes,yes,3,2,3,1,2,3,10.0,12.0,10.0,12.0,0.0,no,0.0,15.0,15.0,16.0
529,GP,F,17,U,LE3,T,4,3,health,other,reputation,father,1,2,0.0,no,no,no,yes,yes,yes,yes,yes,3,2,3,1,2,3,14.0,13.0,13.0,14.0,0.0,no,0.0,14.0,12.0,12.0
530,GP,M,17,R,GT3,T,2,2,other,other,course,father,2,2,0.0,no,yes,yes,yes,yes,yes,yes,no,4,5,2,1,1,1,4.0,11.0,11.0,11.0,0.0,no,0.0,12.0,13.0,13.0
531,GP,M,17,U,GT3,T,4,4,teacher,teacher,reputation,mother,1,2,0.0,yes,yes,no,yes,yes,yes,yes,yes,4,5,5,1,3,2,14.0,11.0,9.0,9.0,0.0,no,0.0,13.0,13.0,13.0
532,GP,M,16,U,GT3,T,4,4,health,other,reputation,father,1,2,0.0,no,yes,yes,yes,yes,yes,yes,no,4,2,4,2,4,1,2.0,14.0,13.0,13.0,0.0,no,0.0,13.0,13.0,14.0
533,GP,M,16,U,LE3,T,1,1,other,other,home,mother,2,2,0.0,no,yes,yes,no,yes,yes,yes,no,3,4,2,1,1,5,18.0,9.0,7.0,6.0,0.0,no,2.0,9.0,9.0,9.0
534,GP,M,16,U,GT3,T,3,2,at_home,other,reputation,mother,2,3,0.0,no,no,no,yes,yes,yes,yes,yes,5,3,3,1,3,2,10.0,11.0,9.0,10.0,0.0,no,0.0,12.0,12.0,12.0
535,GP,M,17,U,LE3,T,2,2,other,other,home,father,1,2,0.0,no,no,yes,yes,no,yes,yes,yes,4,4,2,5,5,4,4.0,14.0,13.0,13.0,0.0,no,0.0,16.0,16.0,16.0
536,GP,F,16,U,GT3,T,2,1,other,other,home,mother,1,1,0.0,no,no,no,no,yes,yes,yes,yes,4,5,2,1,1,5,20.0,13.0,12.0,12.0,0.0,no,4.0,9.0,10.0,10.0
537,GP,F,17,R,GT3,T,2,1,at_home,services,course,mother,3,2,0.0,no,no,no,yes,yes,yes,no,no,2,1,1,1,1,3,2.0,13.0,11.0,11.0,0.0,no,2.0,13.0,13.0,13.0
538,GP,M,18,U,GT3,T,2,2,other,services,reputation,father,1,2,1.0,no,no,no,no,yes,no,yes,no,5,5,4,3,5,2,0.0,7.0,7.0,0.0,0.0,no,16.0,8.0,7.0,8.0
539,GP,M,17,U,LE3,T,4,3,health,other,course,mother,2,2,0.0,no,no,no,yes,yes,yes,yes,yes,2,5,5,1,4,5,14.0,12.0,12.0,12.0,0.0,no,8.0,15.0,15.0,15.0
540,GP,M,17,R,LE3,A,4,4,teacher,other,course,mother,2,2,0.0,no,yes,yes,no,yes,yes,yes,no,3,3,3,2,3,4,2.0,10.0,11.0,12.0,0.0,no,0.0,12.0,12.0,12.0
541,GP,M,16,U,LE3,T,4,3,teacher,other,course,mother,1,1,0.0,no,no,no,yes,no,yes,yes,no,5,4,5,1,1,3,0.0,6.0,0.0,0.0,0.0,no,7.0,14.0,14.0,15.0
542,GP,M,16,U,GT3,T,4,4,services,services,course,mother,1,1,0.0,no,no,no,yes,yes,yes,yes,no,5,3,2,1,2,5,0.0,13.0,12.0,12.0,0.0,yes,4.0,14.0,15.0,15.0
543,GP,F,18,U,GT3,T,2,1,other,other,course,other,2,3,0.0,no,yes,yes,no,no,yes,yes,yes,4,4,4,1,1,3,0.0,7.0,0.0,0.0,0.0,no,10.0,12.0,10.0,11.0
544,GP,M,16,U,GT3,T,2,1,other,other,course,mother,3,1,0.0,no,no,no,no,yes,yes,yes,no,4,3,3,1,1,4,6.0,18.0,18.0,18.0,0.0,no,7.0,15.0,16.0,16.0
545,GP,M,17,U,GT3,T,2,3,other,other,course,father,2,1,0.0,no,no,no,no,yes,yes,yes,no,5,2,2,1,1,2,4.0,12.0,12.0,13.0,0.0,no,2.0,9.0,12.0,13.0
546,GP,M,22,U,GT3,T,3,1,services,services,other,mother,1,1,3.0,no,no,no,no,no,no,yes,yes,5,4,5,5,5,1,16.0,6.0,8.0,8.0,3.0,no,12.0,7.0,8.0,5.0
547,GP,M,18,R,LE3,T,3,3,other,services,course,mother,1,2,1.0,no,yes,no,no,yes,yes,yes,yes,4,3,3,1,3,5,8.0,3.0,5.0,5.0,0.0,no,8.0,10.0,9.0,10.0
548,GP,M,16,U,GT3,T,0,2,other,other,other,mother,1,1,0.0,no,no,yes,no,no,yes,yes,no,4,3,2,2,4,5,0.0,13.0,15.0,15.0,0.0,no,0.0,11.0,12.0,11.0
549,GP,M,18,U,GT3,T,3,2,services,other,course,mother,2,1,1.0,no,no,no,no,yes,no,yes,no,4,4,5,2,4,5,0.0,6.0,8.0,8.0,0.0,no,8.0,7.0,8.0,7.0
550,GP,M,16,U,GT3,T,3,3,at_home,other,reputation,other,3,2,0.0,yes,yes,no,no,no,yes,yes,no,5,3,3,1,3,2,6.0,7.0,10.0,10.0,1.0,no,4.0,9.0,11.0,10.0
551,GP,M,18,U,GT3,T,2,1,services,services,other,mother,1,1,1.0,no,no,no,no,no,no,yes,no,3,2,5,2,5,5,4.0,6.0,9.0,8.0,2.0,no,4.0,7.0,8.0,6.0
552,GP,M,16,R,GT3,T,2,1,other,other,course,mother,2,1,0.0,no,no,no,yes,no,yes,no,no,3,3,2,1,3,3,0.0,8.0,9.0,8.0,0.0,no,2.0,14.0,13.0,12.0
553,GP,M,17,R,GT3,T,2,1,other,other,course,mother,1,1,0.0,no,no,no,no,no,yes,yes,no,4,4,2,2,4,5,0.0,8.0,12.0,12.0,0.0,no,0.0,12.0,12.0,13.0
554,GP,M,17,U,LE3,T,1,1,health,other,course,mother,2,1,1.0,no,yes,no,yes,yes,yes,yes,no,4,4,4,1,2,5,2.0,7.0,9.0,8.0,1.0,no,0.0,9.0,10.0,10.0
555,GP,F,17,U,LE3,T,4,2,teacher,services,reputation,mother,1,4,0.0,no,yes,yes,yes,yes,yes,yes,no,4,2,3,1,1,4,6.0,14.0,12.0,13.0,0.0,no,2.0,14.0,15.0,17.0
556,GP,M,19,U,LE3,A,4,3,services,at_home,reputation,mother,1,2,0.0,no,yes,no,no,yes,yes,yes,no,4,3,1,1,1,1,12.0,11.0,11.0,11.0,0.0,no,4.0,11.0,13.0,14.0
557,GP,M,18,U,GT3,T,2,1,other,other,home,mother,1,2,0.0,no,no,no,yes,yes,yes,yes,no,5,2,4,1,2,4,8.0,15.0,14.0,14.0,0.0,no,2.0,16.0,16.0,16.0
558,GP,F,17,U,LE3,T,2,2,services,services,course,father,1,4,0.0,no,no,yes,yes,yes,yes,yes,yes,3,4,1,1,1,2,0.0,10.0,9.0,0.0,0.0,no,2.0,10.0,11.0,12.0
559,GP,F,18,U,GT3,T,4,3,services,other,home,father,1,2,0.0,no,yes,yes,no,yes,yes,yes,yes,3,1,2,1,3,2,21.0,17.0,18.0,18.0,0.0,no,2.0,15.0,15.0,15.0
560,GP,M,18,U,GT3,T,4,3,teacher,other,course,mother,1,2,0.0,no,yes,yes,no,no,yes,yes,no,4,3,2,1,1,3,2.0,8.0,8.0,8.0,0.0,no,2.0,10.0,10.0,11.0
561,GP,M,18,R,GT3,T,3,2,other,other,course,mother,1,3,0.0,no,no,no,yes,no,yes,no,no,5,3,2,1,1,3,1.0,13.0,12.0,12.0,0.0,no,2.0,10.0,11.0,12.0
562,GP,F,17,U,GT3,T,3,3,other,other,home,mother,1,3,0.0,no,no,no,yes,no,yes,no,no,3,2,3,1,1,4,4.0,10.0,9.0,9.0,0.0,no,2.0,15.0,12.0,13.0
563,GP,F,18,U,GT3,T,2,2,at_home,services,home,mother,1,3,0.0,no,yes,yes,yes,yes,yes,yes,yes,4,3,3,1,1,3,0.0,9.0,10.0,0.0,0.0,no,0.0,11.0,12.0,13.0
564,GP,M,18,R,LE3,A,3,4,other,other,reputation,mother,2,2,0.0,no,yes,yes,yes,yes,yes,yes,no,4,2,5,3,4,1,13.0,17.0,17.0,17.0,0.0,no,6.0,15.0,16.0,16.0
565,GP,M,17,U,GT3,T,3,1,services,other,other,mother,1,2,0.0,no,no,yes,yes,yes,yes,yes,yes,5,4,4,3,4,5,2.0,9.0,9.0,10.0,0.0,no,0.0,11.0,11.0,14.0
566,GP,F,18,R,GT3,T,4,4,teacher,other,reputation,mother,2,2,0.0,no,no,yes,yes,yes,yes,yes,no,4,3,4,2,2,4,8.0,12.0,10.0,11.0,0.0,no,8.0,10.0,11.0,12.0
567,GP,M,18,U,GT3,T,4,2,health,other,reputation,father,1,2,0.0,no,yes,yes,yes,yes,yes,yes,yes,5,4,5,1,3,5,10.0,10.0,9.0,10.0,0.0,no,4.0,10.0,12.0,14.0
568,GP,F,18,R,GT3,T,2,1,other,other,reputation,mother,2,2,0.0,no,yes,no,no,yes,no,yes,yes,4,3,5,1,2,3,0.0,6.0,0.0,0.0,0.0,no,12.0,8.0,9.0,10.0
569,GP,F,19,U,GT3,T,3,3,other,services,home,other,1,2,2.0,no,yes,yes,yes,yes,yes,yes,no,4,3,5,3,3,5,15.0,9.0,9.0,9.0,0.0,no,16.0,11.0,12.0,12.0
570,GP,F,18,U,GT3,T,2,3,other,services,reputation,father,1,4,0.0,no,yes,yes,yes,yes,yes,yes,yes,4,5,5,1,3,2,4.0,15.0,14.0,14.0,0.0,no,10.0,16.0,16.0,16.0
571,GP,F,18,U,LE3,T,1,1,other,other,home,mother,2,2,0.0,no,yes,yes,no,no,yes,no,no,4,4,3,1,1,3,2.0,11.0,11.0,11.0,0.0,no,2.0,13.0,13.0,13.0
572,GP,M,17,R,GT3,T,1,2,at_home,at_home,home,mother,1,2,0.0,no,yes,yes,yes,no,yes,no,yes,3,5,2,2,2,1,2.0,15.0,14.0,14.0,0.0,no,2.0,16.0,17.0,18.0
573,GP,F,17,U,GT3,T,2,4,at_home,health,reputation,mother,2,2,0.0,no,yes,yes,no,yes,yes,yes,yes,4,3,3,1,1,1,2.0,10.0,10.0,10.0,0.0,no,6.0,15.0,16.0,16.0
574,GP,F,17,U,LE3,T,2,2,services,other,course,mother,2,2,0.0,yes,yes,yes,no,yes,yes,yes,yes,4,4,4,2,3,5,6.0,12.0,12.0,12.0,0.0,no,6.0,12.0,12.0,12.0
575,GP,F,18,R,GT3,A,3,2,other,services,home,mother,2,2,0.0,no,no,no,no,no,no,yes,yes,4,1,1,1,1,5,75.0,10.0,9.0,9.0,0.0,no,15.0,12.0,9.0,10.0
576,GP,M,18,U,GT3,T,4,4,teacher,services,home,mother,2,1,0.0,no,no,yes,yes,yes,yes,yes,no,3,2,4,1,4,3,22.0,9.0,9.0,9.0,0.0,no,6.0,11.0,12.0,12.0
577,GP,F,18,U,GT3,T,4,4,health,health,reputation,father,1,2,1.0,yes,yes,no,yes,yes,yes,yes,yes,2,4,4,1,1,4,15.0,9.0,8.0,8.0,1.0,no,2.0,14.0,12.0,13.0
578,GP,M,18,U,LE3,T,4,3,teacher,services,course,mother,2,1,0.0,no,no,yes,yes,yes,yes,yes,no,4,2,3,1,2,1,8.0,10.0,11.0,10.0,0.0,no,0.0,10.0,10.0,10.0
579,GP,M,17,U,LE3,A,4,1,services,other,home,mother,2,1,0.0,no,no,yes,yes,yes,yes,yes,yes,4,5,4,2,4,5,30.0,8.0,8.0,8.0,0.0,no,22.0,11.0,11.0,10.0
580,GP,M,17,U,LE3,A,3,2,teacher,services,home,mother,1,1,1.0,no,no,no,no,yes,yes,yes,no,4,4,4,3,4,3,19.0,11.0,9.0,10.0,0.0,no,18.0,13.0,13.0,13.0
581,GP,F,18,R,LE3,T,1,1,at_home,other,reputation,mother,2,4,0.0,no,yes,yes,yes,yes,yes,no,no,5,2,2,1,1,3,1.0,12.0,12.0,12.0,0.0,no,2.0,17.0,17.0,18.0
582,GP,F,18,U,GT3,T,1,1,other,other,home,mother,2,2,0.0,yes,no,no,yes,yes,yes,yes,no,5,4,4,1,1,4,4.0,8.0,9.0,10.0,0.0,no,0.0,12.0,13.0,13.0
583,GP,F,17,U,GT3,T,2,2,other,other,course,mother,1,2,0.0,no,yes,no,no,no,yes,yes,no,5,4,5,1,2,5,4.0,10.0,9.0,11.0,0.0,no,12.0,12.0,12.0,14.0
584,GP,M,17,U,GT3,T,1,1,other,other,reputation,father,1,2,0.0,no,no,yes,no,no,yes,yes,no,4,3,3,1,2,4,2.0,12.0,10.0,11.0,0.0,no,0.0,12.0,12.0,12.0
585,GP,F,18,U,GT3,T,2,2,at_home,at_home,other,mother,1,3,0.0,no,yes,yes,no,yes,yes,yes,no,4,3,3,1,2,2,5.0,18.0,18.0,19.0,0.0,no,0.0,18.0,18.0,18.0
586,GP,F,17,U,GT3,T,1,1,services,teacher,reputation,mother,1,3,0.0,no,yes,yes,no,yes,yes,yes,no,4,3,3,1,1,3,6.0,13.0,12.0,12.0,0.0,no,0.0,13.0,13.0,14.0
587,GP,M,18,U,GT3,T,2,1,services,services,reputation,mother,1,3,0.0,no,no,yes,yes,yes,yes,yes,no,4,2,4,1,3,2,6.0,15.0,14.0,14.0,0.0,no,0.0,14.0,15.0,15.0
588,GP,M,18,U,LE3,A,4,4,teacher,teacher,reputation,mother,1,2,0.0,no,yes,yes,yes,yes,yes,yes,no,5,4,3,1,1,2,9.0,15.0,13.0,15.0,0.0,no,0.0,17.0,17.0,17.0
589,GP,M,18,U,GT3,T,4,2,teacher,other,home,mother,1,2,0.0,no,yes,yes,yes,yes,yes,yes,yes,4,3,2,1,4,5,11.0,12.0,11.0,11.0,0.0,no,2.0,15.0,16.0,16.0
590,GP,F,17,U,GT3,T,4,3,health,services,reputation,mother,1,3,0.0,no,yes,yes,no,yes,yes,yes,no,4,2,2,1,2,3,0.0,15.0,15.0,15.0,0.0,no,0.0,17.0,18.0,18.0
591,GP,F,17,R,LE3,T,3,1,services,other,reputation,mother,2,4,0.0,no,yes,yes,no,yes,yes,no,no,3,1,2,1,1,3,6.0,18.0,18.0,18.0,0.0,no,0.0,18.0,19.0,19.0
592,GP,M,18,R,LE3,T,3,2,services,other,reputation,mother,2,3,0.0,no,yes,yes,yes,yes,yes,yes,no,5,4,2,1,1,4,8.0,14.0,13.0,14.0,0.0,no,0.0,14.0,15.0,15.0
593,GP,M,17,U,GT3,T,3,3,health,other,home,mother,1,1,0.0,no,yes,yes,no,yes,yes,yes,no,4,4,3,1,3,5,4.0,14.0,12.0,11.0,0.0,no,0.0,14.0,15.0,15.0
594,GP,F,19,U,GT3,T,4,4,health,other,reputation,other,2,2,0.0,no,yes,yes,yes,yes,yes,yes,no,2,3,4,2,3,2,0.0,10.0,9.0,0.0,0.0,no,2.0,14.0,13.0,13.0
595,GP,F,18,U,LE3,T,4,3,other,other,home,other,2,2,0.0,no,yes,yes,no,yes,yes,yes,yes,4,4,5,1,2,2,10.0,10.0,8.0,8.0,0.0,no,0.0,13.0,14.0,14.0
596,GP,F,18,U,GT3,T,4,3,other,other,reputation,father,1,4,0.0,no,yes,yes,no,yes,yes,yes,no,4,3,3,1,1,3,0.0,14.0,13.0,14.0,0.0,no,0.0,16.0,17.0,17.0
597,GP,M,18,U,LE3,T,4,4,teacher,teacher,home,mother,1,1,0.0,no,yes,yes,no,yes,yes,yes,yes,1,4,2,2,2,1,5.0,16.0,15.0,16.0,0.0,no,0.0,18.0,18.0,17.0
598,GP,F,18,U,LE3,A,4,4,health,other,home,mother,1,2,0.0,no,yes,no,no,yes,yes,yes,yes,4,2,4,1,1,4,14.0,12.0,10.0,11.0,0.0,yes,0.0,14.0,15.0,15.0
599,GP,M,17,U,LE3,T,4,4,other,teacher,home,father,2,1,0.0,no,no,yes,no,yes,yes,yes,no,4,1,1,2,2,5,0.0,11.0,11.0,10.0,0.0,no,0.0,12.0,13.0,13.0
600,GP,F,17,U,GT3,T,4,2,other,other,reputation,mother,2,3,0.0,no,yes,yes,no,yes,yes,yes,no,4,3,3,1,1,3,0.0,15.0,12.0,14.0,0.0,no,0.0,16.0,16.0,16.0
601,GP,F,17,U,GT3,T,3,2,health,health,reputation,father,1,4,0.0,no,yes,yes,yes,no,yes,yes,no,5,2,2,1,2,5,0.0,17.0,17.0,18.0,0.0,no,0.0,18.0,18.0,18.0
602,GP,M,20,U,GT3,A,3,2,services,other,course,other,1,1,0.0,no,no,no,yes,yes,yes,no,no,5,5,3,1,1,5,0.0,17.0,18.0,18.0,2.0,no,0.0,14.0,15.0,15.0
603,GP,M,19,R,GT3,T,3,3,other,services,reputation,father,1,2,1.0,no,no,no,yes,yes,yes,no,yes,4,5,3,1,2,5,0.0,15.0,12.0,12.0,0.0,no,0.0,10.0,10.0,11.0
604,GP,F,18,U,GT3,T,2,1,services,other,course,mother,2,2,0.0,no,yes,yes,yes,yes,yes,yes,no,5,3,3,1,2,1,0.0,8.0,8.0,0.0,0.0,no,2.0,12.0,12.0,15.0
605,GP,F,18,U,GT3,T,4,3,other,other,course,mother,1,3,0.0,no,yes,yes,yes,yes,yes,yes,yes,4,3,4,1,1,5,9.0,9.0,10.0,9.0,0.0,no,2.0,14.0,15.0,17.0
606,GP,F,17,R,GT3,T,3,4,at_home,services,course,father,1,3,0.0,no,yes,yes,yes,no,yes,yes,no,4,3,4,2,5,5,0.0,11.0,11.0,10.0,0.0,no,2.0,15.0,15.0,17.0
607,GP,F,18,U,GT3,T,4,4,teacher,other,course,mother,1,2,0.0,no,yes,yes,no,yes,yes,yes,no,4,4,4,3,3,5,2.0,11.0,11.0,11.0,0.0,no,0.0,12.0,11.0,13.0
608,GP,F,17,U,GT3,A,4,3,services,services,course,mother,1,2,0.0,no,yes,yes,no,yes,yes,yes,yes,5,2,2,1,2,5,23.0,13.0,13.0,13.0,0.0,no,14.0,15.0,14.0,17.0
609,GP,F,17,U,GT3,T,2,2,other,other,course,mother,1,2,0.0,no,yes,no,no,yes,yes,no,yes,4,2,2,1,1,3,12.0,11.0,9.0,9.0,0.0,no,4.0,14.0,13.0,13.0
610,GP,F,17,R,LE3,T,2,2,services,services,course,mother,1,3,0.0,no,yes,yes,yes,yes,yes,yes,no,3,3,2,2,2,3,3.0,11.0,11.0,11.0,0.0,no,0.0,11.0,11.0,10.0
611,GP,F,17,U,GT3,T,3,1,services,services,course,father,1,3,0.0,no,yes,no,no,no,yes,yes,no,3,4,3,2,3,5,1.0,12.0,14.0,15.0,0.0,no,0.0,17.0,18.0,17.0
612,GP,F,17,U,LE3,T,0,2,at_home,at_home,home,father,2,3,0.0,no,no,no,no,yes,yes,yes,no,3,3,3,2,3,2,0.0,16.0,15.0,15.0,0.0,no,0.0,14.0,14.0,15.0
613,GP,M,18,U,GT3,T,4,4,other,other,course,mother,1,3,0.0,no,no,no,yes,yes,yes,yes,no,4,3,3,2,2,3,3.0,9.0,12.0,11.0,0.0,no,0.0,13.0,14.0,13.0
614,GP,M,17,U,GT3,T,3,3,other,services,reputation,mother,1,1,0.0,no,no,no,yes,no,yes,yes,no,4,3,5,3,5,5,3.0,14.0,15.0,16.0,0.0,no,0.0,17.0,18.0,17.0
615,GP,M,17,R,GT3,T,2,2,services,other,course,mother,4,1,0.0,no,yes,no,no,yes,yes,yes,no,4,4,5,5,5,4,8.0,11.0,10.0,10.0,0.0,no,2.0,11.0,10.0,10.0
616,GP,F,17,U,GT3,T,4,4,teacher,services,course,mother,1,3,0.0,no,yes,yes,yes,yes,yes,yes,no,5,4,4,1,3,4,7.0,10.0,9.0,9.0,0.0,no,0.0,13.0,12.0,13.0
617,GP,F,17,U,GT3,T,4,4,teacher,teacher,course,mother,2,3,0.0,no,yes,yes,no,no,yes,yes,yes,4,3,3,1,2,4,4.0,14.0,14.0,14.0,0.0,no,4.0,15.0,14.0,15.0
618,GP,M,18,U,LE3,T,2,2,other,other,course,mother,1,4,0.0,no,yes,no,yes,yes,yes,yes,no,4,5,5,2,4,5,2.0,9.0,8.0,8.0,0.0,yes,0.0,11.0,11.0,12.0
619,GP,F,17,R,GT3,T,2,4,at_home,other,course,father,1,3,0.0,no,yes,no,no,yes,yes,yes,yes,4,4,3,1,1,5,7.0,12.0,14.0,14.0,0.0,no,0.0,15.0,15.0,15.0
620,GP,F,18,U,GT3,T,3,3,services,services,home,mother,1,2,0.0,no,no,no,yes,yes,yes,yes,no,5,3,4,1,1,4,0.0,7.0,0.0,0.0,0.0,no,8.0,10.0,11.0,12.0
621,GP,F,18,U,LE3,T,2,2,other,other,home,other,1,2,0.0,no,no,no,yes,no,yes,yes,yes,4,3,3,1,1,2,0.0,8.0,8.0,0.0,0.0,no,0.0,10.0,9.0,12.0
622,GP,F,18,R,GT3,T,2,2,at_home,other,course,mother,2,4,0.0,no,no,no,yes,yes,yes,no,no,4,4,4,1,1,4,0.0,10.0,9.0,0.0,0.0,no,6.0,14.0,13.0,14.0
623,GP,F,17,U,GT3,T,3,4,services,other,course,mother,1,3,0.0,no,no,no,no,yes,yes,yes,no,4,4,5,1,3,5,16.0,16.0,15.0,15.0,0.0,no,8.0,11.0,13.0,14.0
624,GP,F,17,U,GT3,T,3,2,other,other,home,mother,1,2,0.0,no,yes,yes,no,yes,yes,yes,yes,4,3,2,2,3,2,0.0,7.0,8.0,0.0,0.0,no,0.0,12.0,13.0,15.0
625,GP,F,18,U,LE3,T,3,3,services,services,home,mother,1,4,0.0,no,yes,no,no,yes,yes,yes,no,5,3,3,1,1,1,7.0,16.0,15.0,17.0,0.0,no,4.0,14.0,14.0,15.0
626,GP,F,17,R,GT3,A,3,2,other,other,home,mother,1,2,0.0,no,yes,yes,no,yes,yes,yes,no,4,3,3,2,3,2,4.0,9.0,10.0,10.0,0.0,no,0.0,14.0,14.0,16.0
627,GP,M,18,U,GT3,T,4,4,teacher,services,home,father,1,2,1.0,no,yes,no,yes,yes,yes,yes,no,4,3,3,2,2,2,0.0,10.0,10.0,0.0,0.0,no,0.0,12.0,12.0,13.0
628,GP,M,18,U,LE3,T,3,4,services,other,home,mother,1,2,0.0,no,no,no,yes,yes,yes,yes,yes,4,3,3,1,3,5,11.0,16.0,15.0,15.0,0.0,no,6.0,16.0,16.0,17.0
629,GP,F,17,U,GT3,A,2,2,at_home,at_home,home,father,1,2,1.0,no,yes,no,no,yes,yes,yes,yes,3,3,1,1,2,4,0.0,9.0,8.0,0.0,0.0,no,18.0,10.0,12.0,14.0
630,GP,F,18,U,GT3,T,2,3,at_home,other,course,mother,1,3,0.0,no,yes,no,no,yes,yes,yes,no,4,3,3,1,2,3,4.0,11.0,10.0,10.0,0.0,no,0.0,11.0,12.0,14.0
631,GP,F,18,U,GT3,T,3,2,other,services,other,mother,1,3,0.0,no,no,no,no,yes,yes,yes,yes,5,4,3,2,3,1,7.0,13.0,13.0,14.0,0.0,no,4.0,14.0,16.0,17.0
632,GP,M,18,R,GT3,T,4,3,teacher,services,course,mother,1,3,0.0,no,no,no,no,yes,yes,yes,yes,5,3,2,1,2,4,9.0,16.0,15.0,16.0,0.0,no,4.0,15.0,14.0,17.0
633,GP,M,18,U,GT3,T,4,3,teacher,other,course,mother,1,3,0.0,no,yes,yes,no,yes,yes,yes,yes,5,4,5,2,3,5,0.0,10.0,10.0,9.0,0.0,no,0.0,14.0,13.0,14.0
634,GP,F,17,U,GT3,T,4,3,health,other,reputation,mother,1,3,0.0,no,yes,yes,yes,yes,yes,yes,yes,4,4,3,1,3,4,0.0,13.0,15.0,15.0,0.0,no,0.0,11.0,12.0,13.0
635,MS,M,18,R,GT3,T,3,2,other,other,course,mother,2,1,1.0,no,yes,no,no,no,yes,yes,no,2,5,5,5,5,5,10.0,11.0,13.0,13.0,0.0,no,8.0,9.0,10.0,11.0
636,MS,M,19,R,GT3,T,1,1,other,services,home,other,3,2,3.0,no,no,no,no,yes,yes,yes,no,5,4,4,3,3,2,8.0,8.0,7.0,8.0,1.0,no,8.0,10.0,9.0,11.0
637,MS,M,17,U,GT3,T,3,3,health,other,course,mother,2,2,0.0,no,yes,yes,no,yes,yes,yes,no,4,5,4,2,3,3,2.0,13.0,13.0,13.0,1.0,no,4.0,8.0,9.0,10.0
638,MS,M,18,U,LE3,T,1,3,at_home,services,course,mother,1,1,1.0,no,no,no,no,yes,no,yes,yes,4,3,3,2,3,3,7.0,8.0,7.0,8.0,0.0,no,0.0,9.0,10.0,9.0
639,MS,M,19,R,GT3,T,1,1,other,other,home,other,3,1,1.0,no,yes,no,no,yes,yes,yes,no,4,4,4,3,3,5,4.0,8.0,8.0,8.0,1.0,no,4.0,8.0,9.0,10.0
640,MS,M,17,R,GT3,T,4,3,services,other,home,mother,2,2,0.0,no,yes,yes,yes,no,yes,yes,yes,4,5,5,1,3,2,4.0,13.0,11.0,11.0,1.0,yes,4.0,10.0,11.0,11.0
641,MS,F,18,U,GT3,T,3,3,services,services,course,father,1,2,0.0,no,yes,no,no,yes,yes,no,yes,5,3,4,1,1,5,0.0,10.0,9.0,9.0,0.0,no,0.0,10.0,10.0,10.0
642,MS,F,17,R,GT3,T,4,4,teacher,services,other,father,2,2,0.0,no,yes,yes,yes,yes,yes,yes,no,4,3,3,1,2,5,4.0,12.0,13.0,13.0,0.0,yes,2.0,12.0,12.0,12.0
643,MS,F,17,U,LE3,A,3,2,services,other,reputation,mother,2,2,0.0,no,no,no,no,yes,yes,no,yes,1,2,3,1,2,5,2.0,12.0,12.0,11.0,0.0,no,0.0,15.0,14.0,15.0
644,MS,M,18,U,LE3,T,1,1,other,services,home,father,2,1,0.0,no,no,no,no,no,yes,yes,yes,3,3,2,1,2,3,4.0,10.0,10.0,10.0,0.0,no,2.0,14.0,13.0,14.0
645,MS,F,18,U,LE3,T,1,1,at_home,services,course,father,2,3,0.0,no,no,no,no,yes,yes,yes,no,5,3,2,1,1,4,0.0,18.0,16.0,16.0,0.0,no,0.0,19.0,17.0,18.0
646,MS,F,18,U,GT3,T,3,3,services,services,other,mother,2,2,0.0,no,yes,no,no,yes,yes,yes,yes,4,3,2,1,3,3,0.0,11.0,11.0,10.0,0.0,no,6.0,13.0,12.0,13.0
647,MS,F,17,U,LE3,T,4,4,at_home,at_home,course,mother,1,2,0.0,no,yes,yes,yes,yes,yes,yes,yes,2,3,4,1,1,1,0.0,16.0,15.0,15.0,0.0,no,4.0,15.0,14.0,15.0
648,MS,F,17,R,GT3,T,1,2,other,services,course,father,2,2,0.0,no,no,no,no,no,yes,no,no,3,2,2,1,2,3,0.0,12.0,11.0,12.0,0.0,no,0.0,13.0,13.0,13.0
649,MS,M,18,R,GT3,T,1,3,at_home,other,course,mother,2,2,0.0,no,yes,yes,no,yes,yes,no,no,3,3,4,2,4,3,4.0,10.0,10.0,10.0,0.0,yes,0.0,8.0,10.0,9.0
650,MS,M,18,U,LE3,T,4,4,teacher,services,other,mother,2,3,0.0,no,no,yes,no,yes,yes,yes,yes,4,2,2,2,2,5,0.0,13.0,13.0,13.0,0.0,no,0.0,15.0,16.0,16.0
651,MS,F,17,R,GT3,T,1,1,other,services,reputation,mother,3,1,1.0,no,yes,yes,no,yes,yes,yes,yes,5,2,1,1,2,1,0.0,7.0,6.0,0.0,1.0,no,0.0,8.0,8.0,9.0
652,MS,F,18,U,GT3,T,2,3,at_home,services,course,father,2,1,0.0,no,yes,yes,no,yes,yes,yes,yes,5,2,3,1,2,4,0.0,11.0,10.0,10.0,0.0,no,0.0,10.0,10.0,10.0
653,MS,F,18,R,GT3,T,4,4,other,teacher,other,father,3,2,0.0,no,yes,yes,no,no,yes,yes,yes,3,2,2,4,2,5,10.0,14.0,12.0,11.0,0.0,no,0.0,7.0,5.0,0.0
654,MS,M,18,R,LE3,T,1,2,at_home,services,other,father,3,1,0.0,no,yes,yes,yes,yes,no,yes,yes,4,3,3,2,3,3,3.0,14.0,12.0,12.0,0.0,no,3.0,9.0,10.0,10.0
655,MS,F,17,U,GT3,T,2,2,other,at_home,home,mother,1,3,0.0,no,no,no,yes,yes,yes,no,yes,3,4,3,1,1,3,8.0,13.0,11.0,11.0,0.0,no,8.0,10.0,11.0,12.0
656,MS,F,17,R,GT3,T,1,2,other,other,course,mother,1,1,0.0,no,no,no,yes,yes,yes,yes,no,3,5,5,1,3,1,14.0,6.0,5.0,5.0,0.0,no,4.0,7.0,8.0,9.0
657,MS,F,18,R,LE3,T,4,4,other,other,reputation,mother,2,3,0.0,no,no,no,no,yes,yes,yes,no,5,4,4,1,1,1,0.0,19.0,18.0,19.0,0.0,no,0.0,15.0,17.0,17.0
658,MS,F,18,R,GT3,T,1,1,other,other,home,mother,4,3,0.0,no,no,no,no,yes,yes,yes,no,4,3,2,1,2,4,2.0,8.0,8.0,10.0,0.0,no,4.0,10.0,11.0,12.0
659,MS,F,18,R,LE3,T,4,4,teacher,services,course,mother,1,2,0.0,no,no,yes,yes,yes,yes,yes,no,5,4,3,3,4,2,4.0,8.0,9.0,10.0,0.0,no,1.0,13.0,14.0,14.0
660,MS,F,18,U,GT3,T,3,3,other,other,home,mother,1,2,0.0,no,no,yes,no,yes,yes,yes,yes,4,1,3,1,2,1,0.0,15.0,15.0,15.0,0.0,no,1.0,16.0,16.0,16.0
661,MS,F,17,R,GT3,T,3,1,at_home,other,reputation,mother,1,2,0.0,no,yes,yes,yes,no,yes,yes,no,4,5,4,2,3,1,17.0,10.0,10.0,10.0,0.0,no,10.0,8.0,9.0,9.0
662,MS,M,18,U,GT3,T,4,4,teacher,teacher,home,father,1,2,0.0,no,no,yes,yes,no,yes,yes,no,3,2,4,1,4,2,4.0,15.0,14.0,14.0,0.0,no,4.0,17.0,18.0,19.0
663,MS,M,18,R,GT3,T,2,1,other,other,other,mother,2,1,0.0,no,no,no,yes,no,yes,yes,yes,4,4,3,1,3,5,5.0,7.0,6.0,7.0,0.0,no,0.0,7.0,7.0,0.0
664,MS,M,17,U,GT3,T,2,3,other,services,home,father,2,2,0.0,no,no,no,yes,yes,yes,yes,no,4,4,3,1,1,3,2.0,11.0,11.0,10.0,0.0,no,4.0,14.0,15.0,16.0
665,MS,M,19,R,GT3,T,1,1,other,services,other,mother,2,1,1.0,no,no,no,no,yes,yes,no,no,4,3,2,1,3,5,0.0,6.0,5.0,0.0,1.0,no,0.0,5.0,8.0,0.0
666,MS,M,18,R,GT3,T,4,2,other,other,home,father,2,1,1.0,no,no,yes,no,yes,yes,no,no,5,4,3,4,3,3,14.0,6.0,5.0,5.0,1.0,yes,0.0,7.0,7.0,0.0
667,MS,F,18,R,GT3,T,2,2,at_home,other,other,mother,2,3,0.0,no,no,yes,no,yes,yes,no,no,5,3,3,1,3,4,2.0,10.0,9.0,10.0,0.0,no,0.0,14.0,17.0,15.0
668,MS,F,18,R,GT3,T,4,4,teacher,at_home,reputation,mother,3,1,0.0,no,yes,yes,yes,yes,yes,yes,yes,4,4,3,2,2,5,7.0,6.0,5.0,6.0,0.0,no,4.0,7.0,9.0,10.0
669,MS,F,19,R,GT3,T,2,3,services,other,course,mother,1,3,1.0,no,no,no,yes,no,yes,yes,no,5,4,2,1,2,5,0.0,7.0,5.0,0.0,1.0,no,4.0,10.0,11.0,10.0
670,MS,F,18,U,LE3,T,3,1,teacher,services,course,mother,1,2,0.0,no,yes,yes,no,yes,yes,yes,no,4,3,4,1,1,1,0.0,7.0,9.0,8.0,0.0,no,4.0,15.0,15.0,16.0
671,MS,F,18,U,GT3,T,1,1,other,other,course,mother,2,2,1.0,no,no,no,yes,yes,yes,no,no,1,1,1,1,1,5,0.0,6.0,5.0,0.0,0.0,no,6.0,11.0,12.0,9.0
672,MS,M,17,U,LE3,T,3,1,services,services,course,mother,2,1,0.0,no,no,no,no,no,yes,yes,no,2,4,5,3,4,2,3.0,14.0,16.0,16.0,0.0,no,6.0,10.0,10.0,10.0
673,MS,M,18,R,LE3,T,3,2,services,other,course,mother,3,1,0.0,no,no,no,no,no,yes,yes,no,4,4,1,3,4,5,0.0,11.0,12.0,10.0,0.0,no,4.0,10.0,11.0,11.0
