,school,sex,age,reason,traveltime,studytime,failures,activities,freetime,health,absences,Subject,Final_Score,ses_status,avg_alc,social_score_category
0,GP,F,18,course,2,2,0,no,3,3,6,1,6.0,Medium,1.0,Neutral
1,GP,F,17,course,1,2,0,no,3,3,4,1,5.0,Medium,1.0,Very Bad
2,GP,F,15,other,1,2,3,no,3,3,10,1,8.0,High,2.5,Very Bad
3,GP,F,15,home,1,3,0,yes,2,5,2,1,15.0,High,1.0,Very Bad
4,GP,F,16,home,1,2,0,no,3,5,4,1,9.0,Medium,1.5,Very Bad
5,GP,M,16,reputation,1,2,0,yes,4,5,10,1,15.0,High,1.5,Very Bad
6,GP,M,16,home,1,2,0,no,4,3,0,1,12.0,Medium,1.0,Neutral
7,GP,F,17,home,2,2,0,no,1,1,6,1,6.0,Medium,1.0,Neutral
8,GP,M,15,home,1,2,0,no,2,1,0,1,18.0,High,1.0,Very Bad
9,GP,M,15,home,1,2,0,yes,5,5,0,1,15.0,Medium,1.0,Very Bad
10,GP,F,15,reputation,1,2,0,no,3,2,0,1,9.0,High,1.5,Very Bad
11,GP,F,15,reputation,3,3,0,yes,2,4,4,1,11.0,Medium,1.0,Very Bad
12,GP,M,15,course,1,1,0,yes,3,5,2,1,14.0,High,2.0,Very Bad
13,GP,M,15,course,2,2,0,no,4,3,2,1,10.0,High,1.5,Very Bad
14,GP,M,15,home,1,3,0,no,5,3,0,1,15.0,Medium,1.0,Very Bad
15,GP,F,16,home,1,1,0,no,4,2,4,1,14.0,Medium,1.5,Neutral
16,GP,F,16,reputation,1,3,0,yes,2,2,6,1,14.0,High,1.5,Very Bad
17,GP,F,16,reputation,3,2,0,yes,3,4,4,1,9.0,Medium,1.0,Very Bad
18,GP,M,17,course,1,1,3,yes,5,5,16,1,5.0,High,3.0,Neutral
19,GP,M,16,home,1,1,0,yes,1,5,4,1,9.0,High,2.0,Very Bad
20,GP,M,15,reputation,1,2,0,no,4,1,0,1,14.0,Medium,1.0,Very Bad
21,GP,M,15,other,1,1,0,no,4,5,0,1,14.0,High,1.0,Very Bad
22,GP,M,16,course,1,2,0,yes,5,5,2,1,15.0,Medium,2.0,Very Bad
23,GP,M,16,reputation,2,2,0,yes,4,5,0,1,13.0,Medium,3.0,Neutral
24,GP,F,15,course,1,3,0,yes,3,5,2,1,9.0,High,1.0,Very Bad
25,GP,F,16,home,1,1,2,no,2,5,14,1,8.0,High,2.0,Very Bad
26,GP,M,15,home,1,1,0,no,2,5,2,1,12.0,Medium,1.5,Very Bad
27,GP,M,15,other,1,1,0,no,2,1,4,1,15.0,High,3.0,Very Bad
28,GP,M,16,home,1,2,0,yes,3,5,4,1,11.0,High,1.0,Very Bad
29,GP,M,16,home,1,2,0,yes,4,5,16,1,11.0,High,5.0,Neutral
30,GP,M,15,home,1,2,0,no,4,5,0,1,11.0,High,3.5,Very Bad
31,GP,M,15,reputation,2,2,0,yes,3,5,0,1,17.0,High,1.0,Very Bad
32,GP,M,15,course,1,2,0,yes,5,5,0,1,16.0,Medium,1.0,Very Bad
33,GP,M,15,course,1,2,0,yes,3,2,0,1,10.0,Medium,1.0,Very Bad
34,GP,M,16,home,1,1,0,no,4,5,0,1,14.0,Medium,1.0,Very Bad
35,GP,F,15,other,2,1,0,yes,5,5,0,1,7.0,Medium,1.0,Very Bad
36,GP,M,15,home,1,3,0,yes,4,4,2,1,16.0,High,1.0,Very Bad
37,GP,M,16,reputation,2,3,0,yes,4,5,7,1,15.0,Medium,1.0,Very Bad
38,GP,F,15,course,1,3,0,yes,3,5,2,1,12.0,High,1.0,Very Bad
39,GP,F,15,reputation,1,1,0,yes,3,2,8,1,13.0,Medium,1.0,Very Bad
40,GP,F,16,home,2,2,1,yes,3,3,25,1,10.0,Medium,1.5,Very Bad
41,GP,M,15,home,1,1,0,no,4,5,8,1,12.0,High,3.0,Neutral
42,GP,M,15,course,1,2,0,yes,3,5,2,1,18.0,High,1.0,Very Bad
43,GP,M,15,course,1,1,0,no,4,1,0,1,9.0,High,1.0,Very Bad
44,GP,F,16,course,2,2,1,yes,3,5,14,1,10.0,Medium,2.0,Very Bad
45,GP,F,15,course,1,2,0,yes,2,5,8,1,7.0,High,1.0,Very Bad
46,GP,F,16,home,1,2,0,no,3,3,12,1,11.0,Medium,2.5,Neutral
47,GP,M,16,reputation,1,4,0,yes,2,2,4,1,19.0,Medium,1.0,Very Bad
48,GP,M,15,home,1,2,0,no,3,5,2,1,15.0,Medium,2.0,Very Bad
49,GP,F,15,other,1,2,1,yes,4,3,2,1,7.0,High,1.0,Neutral
50,GP,F,16,course,3,2,0,no,3,4,2,1,13.0,High,2.5,Very Bad
51,GP,F,15,other,1,2,0,no,3,5,2,1,12.0,High,1.0,Very Bad
52,GP,M,15,other,2,1,1,no,5,5,6,1,11.0,Medium,3.5,Neutral
53,GP,F,15,course,1,1,0,no,3,5,0,1,10.0,High,2.5,Very Bad
54,GP,F,15,other,1,1,0,no,3,1,6,1,12.0,Medium,4.0,Neutral
55,GP,F,16,other,1,2,0,yes,3,2,8,1,9.0,Medium,1.0,Neutral
56,GP,F,15,reputation,1,2,0,yes,3,1,0,1,15.0,High,1.0,Very Bad
57,GP,M,15,reputation,1,2,0,yes,2,5,4,1,15.0,Medium,1.0,Very Bad
58,GP,M,15,home,1,2,0,yes,3,5,2,1,9.0,High,1.0,Very Bad
59,GP,F,16,course,1,2,0,no,2,5,2,1,16.0,Medium,1.0,Very Bad
60,GP,F,16,other,1,2,0,yes,4,4,6,1,11.0,Medium,2.5,Very Bad
61,GP,F,16,course,4,1,0,yes,5,5,6,1,10.0,High,5.0,Excellent
62,GP,F,16,reputation,1,2,0,yes,4,1,4,1,9.0,High,1.0,Very Bad
63,GP,F,16,home,1,3,0,yes,4,4,2,1,9.0,High,3.0,Very Bad
64,GP,F,15,reputation,1,2,0,yes,4,2,0,1,10.0,High,3.0,Neutral
65,GP,F,16,course,3,2,0,yes,4,1,2,1,15.0,High,1.5,Very Bad
66,GP,M,15,reputation,1,4,0,yes,3,3,4,1,13.0,Medium,5.0,Very Bad
67,GP,F,16,course,1,4,0,no,3,5,4,1,7.0,High,1.5,Very Bad
68,GP,F,15,reputation,2,2,0,no,1,4,2,1,8.0,High,2.0,Very Bad
69,GP,F,15,reputation,2,4,0,no,4,3,12,1,16.0,Medium,2.5,Very Bad
70,GP,M,16,reputation,2,4,0,no,3,5,0,1,14.0,Medium,1.0,Very Bad
71,GP,M,15,course,1,4,0,no,3,3,0,1,10.0,Medium,1.0,Very Bad
72,GP,F,15,reputation,1,2,2,no,3,5,2,1,6.0,Medium,3.0,Neutral
73,GP,M,16,reputation,1,1,0,yes,3,5,2,1,13.0,Low,2.0,Very Bad
74,GP,F,16,home,1,2,0,yes,3,5,54,1,11.0,High,3.0,Very Bad
75,GP,M,15,home,1,2,0,yes,3,5,6,1,9.0,High,2.5,Very Bad
76,GP,M,15,course,2,4,0,yes,4,1,8,1,11.0,Medium,1.0,Very Bad
77,GP,F,16,reputation,1,4,0,no,2,3,0,1,11.0,Medium,2.0,Neutral
78,GP,M,17,home,2,1,3,yes,5,3,2,1,9.0,Medium,1.0,Very Bad
79,GP,F,16,course,1,2,0,no,4,3,12,1,5.0,Medium,1.5,Very Bad
80,GP,M,15,course,1,1,0,yes,2,3,2,1,11.0,High,2.0,Very Bad
81,GP,M,15,home,1,3,0,no,3,5,4,1,11.0,Medium,1.5,Very Bad
82,GP,F,15,reputation,1,2,0,no,4,5,10,1,6.0,High,1.0,Neutral
83,GP,M,15,home,2,2,0,yes,3,4,4,1,15.0,High,2.0,Very Bad
84,GP,F,15,home,1,2,0,yes,3,4,2,1,10.0,Medium,2.5,Very Bad
85,GP,F,15,reputation,2,2,2,no,4,5,6,1,8.0,High,2.5,Neutral
86,GP,F,16,course,1,2,0,no,3,2,4,1,7.0,Medium,1.5,Neutral
87,GP,F,15,reputation,1,3,0,yes,3,1,4,1,14.0,Medium,2.0,Very Bad
88,GP,M,16,reputation,2,2,1,yes,4,3,12,1,10.0,Medium,1.0,Very Bad
89,GP,M,16,reputation,1,2,0,no,1,5,18,1,7.0,Medium,4.0,Very Bad
90,GP,F,16,home,1,3,0,no,3,4,0,1,7.0,Medium,2.0,Very Bad
91,GP,F,15,reputation,1,1,0,yes,5,1,4,1,17.0,Medium,2.0,Neutral
92,GP,F,16,home,1,2,0,no,3,2,4,1,6.0,Medium,2.5,Very Bad
93,GP,F,16,home,2,2,0,yes,3,1,0,1,10.0,High,1.0,Very Bad
94,GP,M,15,reputation,1,4,0,yes,3,4,6,1,13.0,High,1.0,Neutral
95,GP,F,15,home,2,4,1,yes,1,1,2,1,9.0,Medium,1.0,Very Bad
96,GP,M,16,reputation,2,1,0,yes,3,4,2,1,14.0,Medium,1.0,Very Bad
97,GP,F,16,course,1,2,0,no,3,5,2,1,9.0,Medium,1.0,Neutral
98,GP,F,16,reputation,1,1,0,yes,3,1,6,1,13.0,Low,1.5,Neutral
99,GP,F,16,course,1,3,0,no,3,3,0,1,8.0,High,1.0,Neutral
100,GP,M,16,other,1,1,0,yes,5,4,14,1,6.0,High,5.0,Neutral
101,GP,M,16,other,1,3,0,yes,4,4,0,1,17.0,High,1.0,Very Bad
102,GP,M,15,course,1,1,0,yes,3,5,4,1,12.0,Medium,1.0,Very Bad
103,GP,F,15,home,2,2,0,no,3,2,26,1,6.0,High,1.0,Neutral
104,GP,M,15,course,1,2,0,yes,4,1,0,1,17.0,Medium,1.0,Neutral
105,GP,F,15,reputation,1,4,0,no,3,4,10,1,11.0,Medium,1.0,Very Bad
106,GP,F,15,course,1,4,0,no,1,3,8,1,8.0,High,1.0,Very Bad
107,GP,M,16,home,1,3,0,yes,3,5,2,1,17.0,Medium,1.0,Very Bad
108,GP,M,15,home,4,4,0,yes,3,1,6,1,12.0,Medium,4.0,Neutral
109,GP,F,16,other,1,3,0,yes,4,4,4,1,15.0,High,1.0,Excellent
110,GP,M,15,course,1,1,0,yes,5,4,6,1,19.0,Medium,1.0,Very Bad
111,GP,F,16,reputation,1,3,1,yes,1,2,0,1,9.0,Medium,1.0,Very Bad
112,GP,F,16,home,1,2,1,yes,1,5,6,1,12.0,Medium,1.0,Very Bad
113,GP,M,15,course,1,1,0,no,5,3,10,1,19.0,Medium,1.0,Very Bad
114,GP,M,15,reputation,1,2,0,yes,4,5,8,1,9.0,Medium,1.0,Very Bad
115,GP,M,16,course,1,2,0,yes,4,5,2,1,15.0,High,1.5,Neutral
116,GP,M,15,reputation,2,2,0,yes,4,2,2,1,13.0,Medium,1.0,Very Bad
117,GP,M,16,home,2,1,0,yes,4,5,0,1,13.0,Medium,1.0,Very Bad
118,GP,M,17,course,3,2,1,yes,2,5,20,1,8.0,Medium,2.5,Neutral
119,GP,M,15,reputation,1,1,0,no,4,4,6,1,13.0,Medium,1.5,Very Bad
120,GP,F,15,course,1,2,0,no,2,1,2,1,15.0,Medium,1.5,Very Bad
121,GP,M,15,home,1,4,0,yes,5,5,6,1,15.0,High,1.5,Neutral
122,GP,F,16,course,2,2,0,yes,2,5,2,1,13.0,High,1.5,Very Bad
123,GP,M,16,course,1,1,0,yes,4,5,18,1,13.0,Medium,2.5,Very Bad
124,GP,F,16,home,1,2,0,no,4,5,0,1,8.0,Medium,1.0,Neutral
125,GP,M,15,home,1,1,0,no,5,5,0,1,13.0,High,2.5,Neutral
126,GP,F,15,home,1,2,0,yes,3,1,0,1,10.0,Medium,1.0,Very Bad
127,GP,F,19,course,1,2,3,no,4,5,2,1,8.0,Low,1.0,Very Bad
128,GP,M,18,reputation,1,1,2,yes,3,4,0,1,3.0,Medium,1.5,Very Bad
129,GP,M,16,course,1,1,0,yes,5,4,8,1,18.0,Medium,3.5,Neutral
130,GP,F,15,course,2,3,2,no,2,5,0,1,4.0,Medium,2.0,Very Bad
131,GP,F,15,course,3,1,0,yes,3,4,0,1,2.0,Medium,1.5,Very Bad
132,GP,F,17,course,1,1,0,no,4,5,12,1,12.0,Medium,2.0,Neutral
133,GP,F,16,course,1,1,0,no,2,5,16,1,11.0,Medium,2.5,Very Bad
134,GP,M,15,course,4,2,0,no,3,5,0,1,3.0,Medium,1.0,Neutral
135,GP,F,15,course,1,3,0,yes,3,5,0,1,3.0,Medium,1.0,Very Bad
136,GP,M,17,course,3,2,0,no,4,5,0,1,3.0,Low,3.0,Neutral
137,GP,F,16,course,2,1,2,yes,3,5,0,1,1.0,Medium,1.0,Very Bad
138,GP,M,16,course,1,2,1,no,4,5,0,1,13.0,Medium,2.0,Neutral
139,GP,F,15,course,2,1,0,yes,3,5,0,1,16.0,Medium,1.0,Very Bad
140,GP,M,15,course,2,4,0,no,2,3,0,1,5.0,High,1.0,Very Bad
141,GP,M,16,reputation,2,1,2,yes,3,2,8,1,9.0,High,2.0,Very Bad
142,GP,F,15,course,1,3,0,yes,2,5,2,1,10.0,High,1.0,Very Bad
143,GP,F,16,course,1,1,0,no,4,1,2,1,14.0,Medium,3.0,Very Bad
144,GP,M,17,home,1,1,3,no,4,5,0,1,2.0,Medium,1.5,Neutral
145,GP,F,15,course,1,2,0,no,4,5,0,1,10.0,High,1.5,Very Bad
146,GP,F,15,home,1,2,3,no,3,3,0,1,4.0,High,1.0,Very Bad
147,GP,F,15,course,1,2,0,no,3,5,2,1,11.0,Medium,1.0,Very Bad
148,GP,M,16,course,1,1,0,no,3,5,0,1,4.0,Medium,1.5,Very Bad
149,GP,M,15,course,4,1,3,no,5,5,0,1,9.0,Medium,3.5,Neutral
150,GP,M,18,course,1,1,3,no,3,4,0,1,3.0,Medium,3.5,Neutral
151,GP,M,16,course,1,1,1,yes,4,5,6,1,13.0,Medium,4.0,Neutral
152,GP,F,15,reputation,2,3,2,yes,2,3,8,1,10.0,High,2.5,Very Bad
153,GP,M,19,home,1,1,3,no,5,4,0,1,2.0,Medium,1.0,Neutral
154,GP,F,17,course,1,1,0,no,2,4,0,1,11.0,Medium,1.0,Very Bad
155,GP,M,15,course,1,2,0,yes,4,1,2,1,9.0,Medium,1.0,Neutral
156,GP,M,17,reputation,1,1,0,no,2,5,8,1,14.0,Low,3.0,Very Bad
157,GP,F,18,course,3,1,3,yes,2,4,6,1,9.0,Low,3.0,Neutral
158,GP,M,16,course,3,1,0,no,2,3,2,1,16.0,Low,1.5,Very Bad
159,GP,M,16,course,1,2,1,no,5,5,4,1,11.0,High,4.0,Neutral
160,GP,M,17,course,2,1,2,yes,3,5,0,1,4.0,Low,2.0,Very Bad
161,GP,M,15,course,2,2,2,no,4,3,6,1,7.0,Medium,2.5,Neutral
162,GP,M,16,course,2,1,1,yes,4,5,0,1,2.0,Medium,3.0,Neutral
163,GP,M,17,course,1,1,0,no,3,2,2,1,10.0,Medium,2.5,Very Bad
164,GP,M,17,course,4,2,3,yes,3,5,0,1,7.0,Low,3.0,Excellent
165,GP,M,16,course,2,1,1,yes,5,2,16,1,12.0,Medium,1.0,Very Bad
166,GP,M,16,course,1,2,0,no,3,4,4,1,10.0,Low,3.0,Neutral
167,GP,F,16,home,1,2,0,no,2,3,0,1,15.0,High,1.0,Very Bad
168,GP,F,16,home,1,2,0,no,1,4,0,1,4.0,Medium,1.0,Neutral
169,GP,F,16,reputation,1,2,0,no,4,3,0,1,14.0,High,1.0,Very Bad
170,GP,M,16,course,3,1,2,yes,4,2,0,1,3.0,Medium,3.0,Neutral
171,GP,M,16,reputation,2,2,0,yes,3,3,2,1,15.0,Medium,1.0,Very Bad
172,GP,M,17,reputation,1,2,0,yes,4,5,0,1,11.0,High,2.0,Neutral
173,GP,F,16,home,1,2,3,yes,3,3,0,1,4.0,Medium,1.0,Neutral
174,GP,F,16,reputation,2,2,0,yes,4,4,4,1,10.0,High,1.0,Neutral
175,GP,M,17,course,2,2,0,yes,4,4,4,1,9.0,High,4.0,Neutral
176,GP,F,16,reputation,2,2,0,yes,4,5,2,1,12.0,Medium,2.5,Very Bad
177,GP,M,17,reputation,1,2,0,yes,3,4,4,1,6.0,Low,2.5,Neutral
178,GP,M,16,other,1,1,0,yes,3,3,10,1,9.0,Medium,3.5,Very Bad
179,GP,M,17,course,1,2,0,yes,2,2,4,1,10.0,Medium,1.0,Neutral
180,GP,M,16,home,1,2,0,yes,4,3,10,1,8.0,High,2.5,Very Bad
181,GP,M,16,home,1,2,0,yes,2,3,2,1,12.0,Medium,1.5,Very Bad
182,GP,F,17,reputation,1,2,0,yes,4,5,0,1,17.0,Medium,2.5,Very Bad
183,GP,F,17,reputation,1,2,0,yes,3,1,56,1,9.0,Medium,2.5,Neutral
184,GP,F,16,reputation,1,2,0,no,2,1,14,1,12.0,Medium,1.5,Very Bad
185,GP,M,17,other,1,2,0,yes,3,4,12,1,12.0,High,2.5,Neutral
186,GP,M,16,other,1,1,0,yes,3,3,2,1,11.0,High,1.5,Very Bad
187,GP,M,16,course,1,2,0,yes,2,5,0,1,15.0,Medium,1.5,Very Bad
188,GP,F,17,reputation,1,2,0,no,3,3,6,1,8.0,Medium,2.0,Very Bad
189,GP,M,17,home,1,2,0,no,1,3,4,1,9.0,Low,3.0,Very Bad
190,GP,F,16,course,1,2,0,no,3,2,10,1,12.0,Medium,1.0,Very Bad
191,GP,F,17,course,1,2,0,yes,3,3,0,1,8.0,Medium,1.0,Very Bad
192,GP,M,17,other,2,2,0,yes,4,5,12,1,8.0,Medium,4.5,Neutral
193,GP,M,16,reputation,1,1,0,yes,3,5,8,1,9.0,Medium,3.5,Very Bad
194,GP,M,16,home,2,1,0,no,3,3,0,1,14.0,Medium,1.0,Very Bad
195,GP,F,17,course,1,2,0,yes,3,5,0,1,15.0,High,1.0,Very Bad
196,GP,M,17,home,1,1,0,no,2,5,4,1,16.0,Medium,1.5,Very Bad
197,GP,M,16,home,3,1,0,yes,3,3,8,1,9.0,High,4.0,Very Bad
198,GP,F,17,home,2,1,1,no,2,2,24,1,18.0,High,2.5,Neutral
199,GP,F,16,reputation,1,2,0,no,5,3,0,1,9.0,High,1.5,Very Bad
200,GP,F,16,home,1,2,0,yes,3,2,2,1,16.0,Medium,3.0,Neutral
201,GP,F,16,reputation,1,2,0,yes,4,4,6,1,9.0,Medium,2.0,Very Bad
202,GP,F,17,course,1,2,0,no,4,1,4,1,9.0,Medium,2.0,Neutral
203,GP,F,17,reputation,1,1,0,no,3,3,18,1,6.0,Medium,1.5,Very Bad
204,GP,F,16,reputation,2,4,0,yes,3,5,6,1,10.0,Medium,1.0,Neutral
205,GP,F,17,home,1,3,1,no,4,5,28,1,9.0,High,3.5,Very Bad
206,GP,F,16,course,1,2,3,no,3,4,5,1,7.0,Medium,2.0,Very Bad
207,GP,F,16,other,1,2,0,yes,3,1,10,1,12.0,Medium,1.0,Very Bad
208,GP,F,16,home,2,1,0,no,3,5,6,1,9.0,Medium,2.5,Very Bad
209,GP,F,17,reputation,2,3,0,yes,4,4,6,1,7.0,Medium,1.0,Very Bad
210,GP,F,19,reputation,1,4,0,yes,3,3,10,1,8.0,High,1.5,Very Bad
211,GP,M,17,home,1,2,0,no,3,3,13,1,12.0,High,4.5,Excellent
212,GP,F,16,reputation,1,2,0,no,3,4,0,1,13.0,Medium,1.0,Very Bad
213,GP,M,18,home,1,2,1,yes,4,5,15,1,7.0,High,3.0,Neutral
214,GP,F,17,other,1,1,0,no,2,3,12,1,9.0,Medium,1.5,Very Bad
215,GP,F,17,reputation,2,2,0,no,4,1,2,1,15.0,Medium,2.0,Neutral
216,GP,F,17,reputation,1,2,2,no,4,1,22,1,5.0,Medium,3.0,Neutral
217,GP,M,18,home,1,2,1,no,2,4,13,1,7.0,High,3.0,Very Bad
218,GP,F,17,home,2,1,0,no,3,3,3,1,7.0,Medium,2.5,Very Bad
219,GP,F,17,course,1,3,0,yes,3,4,4,1,10.0,Medium,1.0,Very Bad
220,GP,F,17,reputation,2,2,0,yes,2,5,2,1,6.0,Medium,1.5,Neutral
221,GP,F,17,reputation,1,3,1,yes,3,5,0,1,3.0,Medium,1.0,Neutral
222,GP,F,16,other,1,2,0,no,3,3,2,1,16.0,High,1.0,Very Bad
223,GP,M,18,home,2,2,0,no,3,4,0,1,13.0,Medium,5.0,Very Bad
224,GP,F,16,home,1,3,0,yes,3,5,0,1,13.0,Medium,1.0,Very Bad
225,GP,F,18,reputation,1,2,1,yes,3,4,16,1,8.0,Low,1.0,Neutral
226,GP,F,17,course,1,2,0,yes,3,3,10,1,15.0,Low,2.0,Neutral
227,GP,M,17,reputation,1,2,0,no,3,3,2,1,12.0,High,2.0,Very Bad
228,GP,M,18,course,4,2,0,yes,3,3,14,1,9.0,High,4.5,Very Bad
229,GP,F,17,course,2,3,0,yes,2,3,10,1,11.0,Low,1.5,Very Bad
230,GP,F,17,reputation,1,2,0,yes,2,3,14,1,13.0,Medium,1.5,Very Bad
231,GP,M,17,course,2,2,0,yes,5,1,4,1,11.0,Medium,1.0,Very Bad
232,GP,M,17,reputation,1,2,0,yes,5,2,14,1,10.0,High,2.0,Neutral
233,GP,M,16,reputation,1,2,0,yes,2,1,2,1,13.0,High,3.0,Neutral
234,GP,M,16,home,2,2,0,no,4,5,18,1,7.0,High,1.0,Very Bad
235,GP,M,16,reputation,2,3,0,yes,3,2,10,1,10.0,Medium,2.0,Neutral
236,GP,M,17,home,1,2,0,yes,4,4,4,1,13.0,Medium,5.0,Very Bad
237,GP,F,16,home,1,1,0,no,5,5,20,1,12.0,Medium,1.0,Very Bad
238,GP,F,17,course,3,2,0,yes,1,3,2,1,12.0,Low,1.0,Very Bad
239,GP,M,18,reputation,1,2,1,no,5,2,0,1,4.0,Medium,4.0,Neutral
240,GP,M,17,course,2,2,0,yes,5,5,14,1,12.0,Medium,2.5,Neutral
241,GP,M,17,course,2,2,0,no,3,4,2,1,11.0,Medium,2.5,Very Bad
242,GP,M,16,course,1,1,0,yes,4,3,0,1,2.0,Medium,1.0,Neutral
243,GP,M,16,course,1,1,0,yes,3,5,0,1,12.0,Medium,1.5,Very Bad
244,GP,F,18,course,2,3,0,no,4,3,0,1,2.0,Medium,1.0,Neutral
245,GP,M,16,course,3,1,0,no,3,4,6,1,18.0,Medium,1.0,Very Bad
246,GP,M,17,course,2,1,0,no,2,2,4,1,12.0,Medium,1.0,Very Bad
247,GP,M,22,other,1,1,3,no,4,1,16,1,7.0,Medium,5.0,Excellent
248,GP,M,18,course,1,2,1,no,3,5,8,1,4.0,Medium,2.0,Very Bad
249,GP,M,16,other,1,1,0,no,3,5,0,1,14.0,Medium,3.0,Very Bad
250,GP,M,18,course,2,1,1,no,4,5,0,1,7.0,Medium,3.0,Neutral
251,GP,M,16,reputation,3,2,0,no,3,2,6,1,9.0,Medium,2.0,Very Bad
252,GP,M,18,other,1,1,1,no,2,5,4,1,8.0,Medium,3.5,Neutral
253,GP,M,16,course,2,1,0,yes,3,3,0,1,8.0,Low,2.0,Very Bad
254,GP,M,17,course,1,1,0,no,4,5,0,1,11.0,Low,3.0,Very Bad
255,GP,M,17,course,2,1,1,yes,4,5,2,1,8.0,High,1.5,Neutral
256,GP,F,17,reputation,1,4,0,yes,2,4,6,1,13.0,High,1.0,Very Bad
257,GP,M,19,reputation,1,2,0,no,3,1,12,1,11.0,Medium,1.0,Very Bad
258,GP,M,18,home,1,2,0,yes,2,4,8,1,14.0,Medium,1.5,Neutral
259,GP,F,17,course,1,4,0,yes,4,2,0,1,6.0,High,1.0,Very Bad
260,GP,F,18,home,1,2,0,no,1,2,21,1,18.0,High,2.0,Very Bad
261,GP,M,18,course,1,2,0,no,3,3,2,1,8.0,Medium,1.0,Very Bad
262,GP,M,18,course,1,3,0,yes,3,3,1,1,12.0,Low,1.0,Very Bad
263,GP,F,17,home,1,3,0,yes,2,4,4,1,9.0,Low,1.0,Very Bad
264,GP,F,18,home,1,3,0,yes,3,3,0,1,6.0,High,1.0,Very Bad
265,GP,M,18,reputation,2,2,0,yes,2,1,13,1,17.0,Medium,3.5,Neutral
266,GP,M,17,other,1,2,0,yes,4,5,2,1,9.0,Medium,3.5,Neutral
267,GP,F,18,reputation,2,2,0,yes,3,4,8,1,11.0,Medium,2.0,Neutral
268,GP,M,18,reputation,1,2,0,yes,4,5,10,1,10.0,High,2.0,Excellent
269,GP,F,18,reputation,2,2,0,no,3,3,0,1,2.0,Low,1.5,Neutral
270,GP,F,19,home,1,2,2,yes,3,5,15,1,9.0,High,3.0,Neutral
271,GP,F,18,reputation,1,4,0,yes,5,2,4,1,14.0,High,2.0,Neutral
272,GP,F,18,home,2,2,0,no,4,3,2,1,11.0,Medium,1.0,Very Bad
273,GP,M,17,home,1,2,0,yes,5,1,2,1,14.0,Low,2.0,Very Bad
274,GP,F,17,reputation,2,2,0,no,3,1,2,1,10.0,High,1.0,Very Bad
275,GP,F,17,course,2,2,0,no,4,5,6,1,12.0,High,2.5,Neutral
276,GP,F,18,home,2,2,0,no,1,5,75,1,9.0,Low,1.0,Very Bad
277,GP,M,18,home,2,1,0,yes,2,3,22,1,9.0,High,2.5,Very Bad
278,GP,F,18,reputation,1,2,1,yes,4,4,15,1,8.0,High,1.0,Neutral
279,GP,M,18,course,2,1,0,yes,2,1,8,1,10.0,High,1.5,Very Bad
280,GP,M,17,home,2,1,0,yes,5,5,30,1,8.0,Medium,3.0,Neutral
281,GP,M,17,home,1,1,1,no,4,3,19,1,10.0,Medium,3.5,Neutral
282,GP,F,18,reputation,2,4,0,yes,2,3,1,1,12.0,Medium,1.0,Very Bad
283,GP,F,18,home,2,2,0,yes,4,4,4,1,9.0,Medium,1.0,Neutral
284,GP,F,17,course,1,2,0,no,4,5,4,1,10.0,Medium,1.5,Neutral
285,GP,M,17,reputation,1,2,0,no,3,4,2,1,11.0,Medium,1.5,Very Bad
286,GP,F,18,other,1,3,0,no,3,2,5,1,18.0,Medium,1.5,Very Bad
287,GP,F,17,reputation,1,3,0,no,3,3,6,1,12.0,High,1.0,Very Bad
288,GP,M,18,reputation,1,3,0,yes,2,2,6,1,14.0,High,2.0,Neutral
289,GP,M,18,reputation,1,2,0,yes,4,2,9,1,14.0,High,1.0,Very Bad
290,GP,M,18,home,1,2,0,yes,3,5,11,1,11.0,High,2.5,Very Bad
291,GP,F,17,reputation,1,3,0,no,2,3,0,1,15.0,High,1.5,Very Bad
292,GP,F,18,reputation,1,2,1,no,4,5,12,1,12.0,Medium,1.0,Neutral
293,GP,F,17,reputation,2,4,0,no,1,3,6,1,18.0,Medium,1.0,Very Bad
294,GP,M,18,reputation,2,3,0,yes,4,4,8,1,14.0,High,1.0,Very Bad
295,GP,M,17,home,1,1,0,no,4,5,4,1,12.0,High,2.0,Very Bad
296,GP,F,19,reputation,2,2,0,yes,3,2,0,1,6.0,High,2.5,Very Bad
297,GP,F,18,home,2,2,0,no,4,2,10,1,9.0,High,1.5,Neutral
298,GP,F,18,reputation,1,4,0,no,3,3,0,1,14.0,Medium,1.0,Very Bad
299,GP,M,18,home,1,1,0,no,4,1,5,1,16.0,High,2.0,Very Bad
300,GP,F,18,home,1,2,0,no,2,4,14,1,11.0,Medium,1.0,Neutral
301,GP,M,17,home,2,1,0,no,1,5,0,1,11.0,High,2.0,Very Bad
302,GP,F,17,reputation,2,3,0,no,3,3,0,1,14.0,Medium,1.0,Very Bad
303,GP,F,17,reputation,1,4,0,yes,2,5,0,1,17.0,High,1.5,Very Bad
304,GP,M,19,home,1,2,1,yes,4,3,20,1,14.0,Medium,1.0,Neutral
305,GP,F,18,reputation,1,2,1,yes,4,3,8,1,13.0,High,1.0,Very Bad
306,GP,M,20,course,1,1,0,yes,5,5,0,1,18.0,Medium,1.0,Very Bad
307,GP,M,19,reputation,2,1,1,no,3,4,38,1,8.0,High,1.0,Neutral
308,GP,M,19,reputation,1,2,1,yes,5,5,0,1,13.0,Low,1.5,Very Bad
309,GP,F,19,reputation,1,2,1,yes,4,3,18,1,11.0,High,2.0,Very Bad
310,GP,F,19,home,1,2,1,yes,2,3,0,1,5.0,Medium,2.0,Neutral
311,GP,F,19,other,3,2,0,no,4,2,20,1,13.0,Medium,1.0,Very Bad
312,GP,M,19,course,1,2,1,no,5,4,3,1,12.0,Medium,2.0,Very Bad
313,GP,F,19,reputation,2,2,1,no,2,1,22,1,11.0,High,1.5,Very Bad
314,GP,F,19,home,1,3,2,no,1,3,14,1,14.0,Medium,1.0,Very Bad
315,GP,F,19,reputation,1,3,1,no,1,3,40,1,12.0,Medium,1.0,Very Bad
316,GP,F,18,course,2,2,0,yes,3,1,0,1,5.0,High,1.5,Very Bad
317,GP,F,18,course,1,3,0,yes,3,5,9,1,9.0,Medium,1.0,Neutral
318,GP,F,17,course,1,3,0,yes,3,5,0,1,11.0,Medium,3.5,Neutral
319,GP,F,18,course,1,2,0,no,4,5,2,1,11.0,High,3.0,Neutral
320,GP,F,17,course,1,2,0,no,2,5,23,1,13.0,High,1.5,Very Bad
321,GP,F,17,course,1,2,0,no,2,3,12,1,10.0,Medium,1.0,Very Bad
322,GP,F,17,course,1,3,0,yes,3,3,3,1,11.0,High,2.0,Very Bad
323,GP,F,17,course,1,3,0,no,4,5,1,1,14.0,Medium,2.5,Very Bad
324,GP,F,17,home,2,3,0,no,3,2,0,1,15.0,Medium,2.5,Very Bad
325,GP,M,18,course,1,3,0,yes,3,3,3,1,11.0,Medium,2.0,Very Bad
326,GP,M,17,reputation,1,1,0,yes,3,5,3,1,15.0,Medium,4.0,Neutral
327,GP,M,17,course,4,1,0,no,4,4,8,1,10.0,Medium,5.0,Neutral
328,GP,F,17,course,1,3,0,yes,4,4,7,1,9.0,High,2.0,Neutral
329,GP,F,17,course,2,3,0,no,3,4,4,1,14.0,High,1.5,Very Bad
330,GP,M,18,course,1,4,0,yes,5,5,2,1,8.0,Medium,3.0,Neutral
331,GP,F,17,course,1,3,0,no,4,5,7,1,13.0,Medium,1.0,Very Bad
332,GP,F,18,home,1,2,0,yes,3,4,0,1,2.0,Medium,1.0,Neutral
333,GP,F,18,home,1,2,0,yes,3,2,0,1,5.0,Medium,1.0,Very Bad
334,GP,F,18,course,2,4,0,yes,4,4,0,1,6.0,Low,1.0,Neutral
335,GP,F,17,course,1,3,0,no,4,5,16,1,15.0,Medium,2.0,Neutral
336,GP,F,19,home,1,3,1,no,4,5,12,1,13.0,Medium,1.5,Very Bad
337,GP,F,17,home,1,2,0,no,3,2,0,1,4.0,Medium,2.5,Very Bad
338,GP,F,18,home,1,4,0,no,3,1,7,1,16.0,High,1.0,Very Bad
339,GP,F,17,home,1,2,0,no,3,2,4,1,10.0,Medium,2.5,Very Bad
340,GP,F,19,home,1,3,1,yes,3,3,4,1,11.0,High,2.0,Neutral
341,GP,M,18,home,1,2,1,yes,3,2,0,1,6.0,High,2.0,Very Bad
342,GP,M,18,home,1,2,0,yes,3,5,11,1,15.0,Medium,2.0,Very Bad
343,GP,F,17,home,1,2,1,no,3,4,0,1,5.0,Medium,1.5,Very Bad
344,GP,F,18,course,1,3,0,no,3,3,4,1,10.0,Medium,1.5,Very Bad
345,GP,F,18,other,1,3,0,no,4,1,7,1,13.0,Medium,2.5,Neutral
346,GP,M,18,course,1,3,0,no,3,4,9,1,16.0,Medium,1.5,Very Bad
347,GP,M,18,course,1,3,0,no,4,5,0,1,10.0,High,2.5,Excellent
348,GP,F,17,reputation,1,3,0,yes,4,4,0,1,14.0,High,2.0,Very Bad
349,MS,M,18,course,2,1,1,no,5,5,10,1,12.0,Low,5.0,Neutral
350,MS,M,19,home,3,2,3,no,4,2,8,1,8.0,Medium,3.0,Neutral
351,MS,M,17,course,2,2,0,no,5,3,2,1,13.0,High,2.5,Neutral
352,MS,M,18,course,1,1,1,no,3,3,7,1,8.0,Medium,2.5,Very Bad
353,MS,M,19,home,3,1,1,no,4,5,4,1,8.0,Medium,3.0,Neutral
354,MS,M,17,home,2,2,0,yes,5,2,4,1,12.0,Medium,2.0,Neutral
355,MS,F,18,course,1,2,0,no,3,5,0,1,9.0,Medium,1.0,Neutral
356,MS,F,17,other,2,2,0,yes,3,5,4,1,13.0,High,1.5,Very Bad
357,MS,F,17,reputation,2,2,0,no,2,5,2,1,12.0,Medium,1.5,Very Bad
358,MS,M,18,home,2,1,0,no,3,3,4,1,10.0,Medium,1.5,Very Bad
359,MS,F,18,course,2,3,0,no,3,4,0,1,17.0,Medium,1.0,Very Bad
360,MS,F,18,course,3,2,0,no,3,5,0,1,13.0,Low,2.5,Neutral
361,MS,M,18,other,2,2,1,yes,4,5,2,1,12.0,Low,2.5,Very Bad
362,MS,F,18,other,2,2,0,no,3,3,0,1,11.0,High,2.0,Very Bad
363,MS,F,17,course,1,2,0,yes,3,1,0,1,15.0,High,1.0,Neutral
364,MS,F,17,course,2,2,0,no,2,3,0,1,12.0,Low,1.5,Very Bad
365,MS,M,18,course,2,2,0,no,3,3,4,1,10.0,Medium,3.0,Very Bad
366,MS,M,18,other,2,3,0,no,2,5,0,1,13.0,High,2.0,Very Bad
367,MS,F,17,reputation,3,1,1,no,2,1,0,1,4.0,Medium,1.5,Very Bad
368,MS,F,18,course,2,1,0,no,2,4,0,1,10.0,High,1.5,Neutral
369,MS,F,18,other,3,2,0,no,2,5,10,1,12.0,Medium,3.0,Very Bad
370,MS,F,19,home,2,2,2,yes,2,3,4,1,8.0,High,1.0,Very Bad
371,MS,M,18,other,3,1,0,yes,3,3,3,1,13.0,Medium,2.5,Very Bad
372,MS,F,17,home,1,3,0,yes,4,3,8,1,12.0,Low,1.0,Very Bad
373,MS,F,17,course,1,1,0,yes,5,1,14,1,5.0,Low,2.0,Neutral
374,MS,F,18,reputation,2,3,0,no,4,1,0,1,19.0,Medium,1.0,Neutral
375,MS,F,18,home,4,3,0,no,3,4,2,1,9.0,Low,1.5,Very Bad
376,MS,F,20,course,2,3,2,no,4,3,4,1,15.0,High,1.0,Neutral
377,MS,F,18,course,1,2,0,yes,4,2,4,1,9.0,High,3.5,Very Bad
378,MS,F,18,home,1,2,0,no,1,1,0,1,15.0,Medium,1.5,Very Bad
379,MS,F,17,reputation,1,2,0,yes,5,1,17,1,10.0,Medium,2.5,Neutral
380,MS,M,18,home,1,2,0,yes,2,2,4,1,14.0,Medium,2.5,Very Bad
381,MS,M,18,other,2,1,0,yes,4,5,5,1,7.0,Low,2.0,Very Bad
382,MS,M,17,home,2,2,0,yes,4,3,2,1,11.0,Medium,1.0,Very Bad
383,MS,M,19,other,2,1,1,no,3,5,0,1,3.0,Low,2.0,Very Bad
384,MS,M,18,home,2,1,1,no,4,3,14,1,5.0,Low,3.5,Very Bad
385,MS,F,18,other,2,3,0,no,3,4,2,1,10.0,Low,2.0,Very Bad
386,MS,F,18,reputation,3,1,0,yes,4,5,7,1,6.0,Medium,2.0,Very Bad
387,MS,F,19,course,1,3,1,yes,4,5,0,1,4.0,Low,1.5,Very Bad
388,MS,F,18,course,1,2,0,no,3,1,0,1,8.0,High,1.0,Neutral
389,MS,F,18,course,2,2,1,yes,1,5,0,1,3.0,Low,1.0,Very Bad
390,MS,M,20,course,1,2,2,no,5,4,11,1,9.0,High,4.5,Neutral
391,MS,M,17,course,2,1,0,no,4,2,3,1,15.0,Medium,3.5,Neutral
392,MS,M,21,course,1,1,3,no,5,3,3,1,8.0,Low,3.0,Very Bad
393,MS,M,18,course,3,1,0,no,4,5,0,1,11.0,Medium,3.5,Very Bad
394,MS,M,19,course,1,1,0,no,2,5,5,1,9.0,Medium,3.0,Very Bad
395,GP,F,18,course,2,2,0,no,3,3,4,0,8.0,Medium,1.0,Neutral
396,GP,F,17,course,1,2,0,no,3,3,2,0,10.0,Medium,1.0,Very Bad
397,GP,F,15,other,1,2,0,no,3,3,6,0,12.0,Medium,2.5,Very Bad
398,GP,F,15,home,1,3,0,yes,2,5,0,0,14.0,High,1.0,Very Bad
399,GP,F,16,home,1,2,0,no,3,5,0,0,12.0,Medium,1.5,Very Bad
400,GP,M,16,reputation,1,2,0,yes,4,5,6,0,12.0,High,1.5,Very Bad
401,GP,M,16,home,1,2,0,no,4,3,0,0,13.0,Medium,1.0,Neutral
402,GP,F,17,home,2,2,0,no,1,1,2,0,12.0,Medium,1.0,Neutral
403,GP,M,15,home,1,2,0,no,2,1,0,0,16.0,Medium,1.0,Very Bad
404,GP,M,15,home,1,2,0,yes,5,5,0,0,12.0,Medium,1.0,Very Bad
405,GP,F,15,reputation,1,2,0,no,3,2,2,0,14.0,High,1.5,Very Bad
406,GP,F,15,reputation,3,3,0,yes,2,4,0,0,12.0,Medium,1.0,Very Bad
407,GP,M,15,course,1,1,0,yes,3,5,0,0,12.0,High,2.0,Very Bad
408,GP,M,15,course,2,2,0,no,4,3,0,0,12.0,Medium,1.5,Very Bad
409,GP,M,15,home,1,3,0,no,5,3,0,0,14.0,Medium,1.0,Very Bad
410,GP,F,16,home,1,1,0,no,4,2,6,0,17.0,Medium,1.5,Neutral
411,GP,F,16,reputation,1,3,0,yes,2,2,10,0,13.0,High,1.5,Very Bad
412,GP,F,16,reputation,3,2,0,yes,3,4,2,0,14.0,Medium,1.0,Very Bad
413,GP,M,17,course,1,1,3,yes,5,5,2,0,8.0,High,3.0,Neutral
414,GP,M,16,home,1,1,0,yes,1,5,6,0,12.0,Medium,2.0,Very Bad
415,GP,M,15,reputation,1,2,0,no,4,1,0,0,13.0,Medium,1.0,Very Bad
416,GP,M,15,other,1,1,0,no,4,5,0,0,12.0,High,1.0,Very Bad
417,GP,M,16,course,1,2,0,yes,5,5,0,0,13.0,Medium,2.0,Very Bad
418,GP,M,16,reputation,2,2,0,yes,4,5,2,0,10.0,Medium,3.0,Neutral
419,GP,F,15,course,1,3,0,yes,3,5,2,0,10.0,High,1.0,Very Bad
420,GP,F,16,home,1,1,0,no,2,5,6,0,11.0,Medium,2.0,Very Bad
421,GP,M,15,home,1,1,0,no,2,5,8,0,12.0,Medium,1.5,Very Bad
422,GP,M,15,other,1,1,0,no,2,1,0,0,11.0,Medium,3.0,Very Bad
423,GP,M,16,home,1,2,0,yes,3,5,2,0,12.0,High,1.0,Very Bad
424,GP,M,16,home,1,2,0,yes,4,5,4,0,12.0,High,5.0,Neutral
425,GP,M,15,home,1,2,0,no,4,5,0,0,11.0,High,3.5,Very Bad
426,GP,M,15,reputation,2,2,0,yes,3,5,2,0,15.0,High,1.0,Very Bad
427,GP,M,15,course,1,2,0,yes,5,5,0,0,14.0,Medium,1.0,Very Bad
428,GP,M,15,course,1,2,0,yes,3,2,0,0,12.0,Medium,1.0,Very Bad
429,GP,M,16,home,1,1,0,no,4,5,4,0,12.0,Medium,1.0,Very Bad
430,GP,F,15,other,2,1,0,yes,5,5,4,0,11.0,Medium,1.0,Very Bad
431,GP,M,15,home,1,3,0,yes,4,4,0,0,14.0,High,1.0,Very Bad
432,GP,M,16,reputation,2,3,0,yes,4,5,4,0,13.0,Medium,1.0,Very Bad
433,GP,F,15,course,1,3,0,yes,3,5,2,0,12.0,High,1.0,Very Bad
434,GP,F,15,reputation,1,1,0,yes,3,2,8,0,13.0,Medium,1.0,Very Bad
435,GP,F,16,home,2,2,0,yes,3,3,16,0,11.0,Medium,1.5,Very Bad
436,GP,M,15,home,1,1,0,no,4,5,8,0,11.0,High,3.0,Neutral
437,GP,M,15,course,1,2,0,yes,3,5,0,0,15.0,High,1.0,Very Bad
438,GP,M,15,course,1,1,0,no,4,1,0,0,10.0,High,1.0,Very Bad
439,GP,F,16,course,2,2,1,yes,3,5,14,0,11.0,Medium,2.0,Very Bad
440,GP,F,15,course,1,2,0,yes,2,5,4,0,11.0,High,1.0,Very Bad
441,GP,F,16,home,1,2,0,no,3,3,6,0,13.0,Medium,2.5,Neutral
442,GP,M,16,reputation,1,4,0,yes,2,2,2,0,17.0,Medium,1.0,Very Bad
443,GP,M,15,home,1,2,0,no,3,5,4,0,12.0,Medium,2.0,Very Bad
444,GP,F,15,other,1,2,0,yes,4,3,2,0,12.0,High,1.0,Neutral
445,GP,F,16,course,3,2,0,no,3,4,0,0,13.0,High,2.5,Very Bad
446,GP,F,15,other,1,2,0,no,3,5,0,0,15.0,High,1.0,Very Bad
447,GP,M,15,other,2,1,0,no,5,5,4,0,9.0,Medium,3.5,Neutral
448,GP,F,15,course,1,1,0,no,3,5,0,0,12.0,High,2.5,Very Bad
449,GP,F,15,other,1,1,0,no,3,1,0,0,13.0,Medium,4.0,Neutral
450,GP,F,16,other,1,2,0,yes,3,2,2,0,12.0,Low,1.0,Neutral
451,GP,F,15,reputation,1,2,0,yes,3,1,0,0,15.0,Medium,1.0,Very Bad
452,GP,M,15,reputation,1,2,0,yes,2,5,8,0,15.0,Medium,1.0,Very Bad
453,GP,M,15,home,1,2,0,yes,3,5,0,0,14.0,High,1.0,Very Bad
454,GP,F,16,course,1,2,0,no,2,5,2,0,16.0,High,1.0,Very Bad
455,GP,F,16,other,1,2,0,yes,4,4,0,0,16.0,Medium,2.5,Very Bad
456,GP,F,16,course,4,1,0,yes,5,5,0,0,12.0,High,5.0,Excellent
457,GP,F,16,reputation,1,2,0,yes,4,1,0,0,12.0,High,1.0,Very Bad
458,GP,F,16,home,1,3,0,yes,4,4,0,0,13.0,High,3.0,Very Bad
459,GP,F,15,reputation,1,2,0,yes,4,2,0,0,12.0,High,3.0,Neutral
460,GP,F,16,course,3,2,0,yes,4,1,2,0,16.0,High,1.5,Very Bad
461,GP,M,15,reputation,1,4,0,yes,3,3,0,0,12.0,Medium,5.0,Very Bad
462,GP,F,16,course,1,4,0,no,3,5,0,0,10.0,High,1.5,Very Bad
463,GP,F,15,reputation,2,2,0,no,1,4,0,0,11.0,High,2.0,Very Bad
464,GP,F,15,reputation,2,4,0,no,4,3,6,0,15.0,Medium,2.5,Very Bad
465,GP,M,16,reputation,2,4,0,no,3,5,2,0,12.0,Medium,1.0,Very Bad
466,GP,M,15,course,1,4,0,no,3,3,0,0,10.0,Medium,1.0,Very Bad
467,GP,F,15,reputation,1,2,0,no,3,5,2,0,12.0,Medium,3.0,Neutral
468,GP,M,16,reputation,1,1,0,yes,3,5,0,0,13.0,Low,2.0,Very Bad
469,GP,F,16,home,1,2,0,yes,3,5,4,0,11.0,High,3.0,Very Bad
470,GP,M,15,home,1,2,0,yes,3,5,0,0,11.0,Medium,2.5,Very Bad
471,GP,M,15,course,2,4,0,yes,4,1,0,0,11.0,Medium,1.0,Very Bad
472,GP,F,16,reputation,1,4,0,no,2,3,1,0,13.0,Medium,2.0,Neutral
473,GP,M,17,home,2,1,3,yes,5,3,0,0,9.0,Medium,1.0,Very Bad
474,GP,F,16,course,1,2,0,no,4,3,14,0,11.0,Medium,1.5,Very Bad
475,GP,M,15,course,1,1,0,yes,2,3,0,0,11.0,Medium,2.0,Very Bad
476,GP,M,15,home,1,3,0,no,3,5,2,0,9.0,Medium,1.5,Very Bad
477,GP,F,15,reputation,1,2,0,no,4,5,4,0,11.0,High,1.0,Neutral
478,GP,M,15,home,2,2,0,yes,3,4,2,0,13.0,High,2.0,Very Bad
479,GP,F,15,home,1,2,0,yes,3,4,2,0,12.0,Medium,2.5,Very Bad
480,GP,F,15,reputation,2,2,0,no,4,5,4,0,12.0,Medium,2.5,Neutral
481,GP,F,16,course,1,2,0,no,3,2,6,0,12.0,Medium,1.5,Neutral
482,GP,F,15,reputation,1,3,0,yes,3,1,4,0,15.0,Medium,2.0,Very Bad
483,GP,M,16,reputation,2,2,0,yes,4,3,6,0,11.0,Medium,1.0,Very Bad
484,GP,M,16,reputation,1,2,0,no,1,5,6,0,9.0,Medium,4.0,Very Bad
485,GP,F,16,home,1,3,0,no,3,4,2,0,10.0,Medium,2.0,Very Bad
486,GP,F,15,reputation,1,1,0,yes,5,1,6,0,13.0,Medium,2.0,Neutral
487,GP,F,16,home,1,2,0,no,3,2,0,0,12.0,Medium,2.5,Very Bad
488,GP,F,16,home,2,2,0,yes,3,1,2,0,14.0,High,1.0,Very Bad
489,GP,M,15,reputation,1,4,0,yes,3,4,2,0,12.0,High,1.0,Neutral
490,GP,F,15,home,2,4,0,yes,1,1,4,0,13.0,Medium,1.0,Very Bad
491,GP,M,16,reputation,2,1,0,yes,3,4,6,0,10.0,Medium,1.0,Very Bad
492,GP,F,16,course,1,2,0,no,3,5,0,0,12.0,Medium,1.0,Neutral
493,GP,F,16,reputation,1,1,0,yes,3,1,4,0,13.0,Low,1.5,Neutral
494,GP,F,16,course,1,3,0,no,3,3,2,0,13.0,Medium,1.0,Neutral
495,GP,M,16,other,1,1,0,yes,5,4,12,0,9.0,High,5.0,Neutral
496,GP,M,16,other,1,3,0,yes,4,4,0,0,16.0,High,1.0,Very Bad
497,GP,M,15,course,1,1,0,yes,3,5,2,0,12.0,Medium,1.0,Very Bad
498,GP,F,15,home,2,2,0,no,3,2,16,0,10.0,High,1.0,Neutral
499,GP,M,15,course,1,2,0,yes,4,1,0,0,16.0,Medium,1.0,Neutral
500,GP,F,15,reputation,1,4,0,no,3,4,10,0,10.0,Medium,1.0,Very Bad
501,GP,F,15,course,1,4,0,no,1,3,4,0,10.0,Medium,1.0,Very Bad
502,GP,M,16,home,1,3,0,yes,3,5,4,0,14.0,Medium,1.0,Very Bad
503,GP,M,15,home,4,4,0,yes,3,1,8,0,11.0,Medium,4.0,Neutral
504,GP,F,16,other,1,3,0,yes,4,4,2,0,15.0,High,1.0,Excellent
505,GP,M,15,course,1,1,0,yes,5,4,4,0,14.0,Medium,1.0,Very Bad
506,GP,F,16,reputation,1,3,0,yes,1,2,4,0,11.0,Medium,1.0,Very Bad
507,GP,F,16,home,1,2,1,yes,1,5,12,0,9.0,Medium,1.0,Very Bad
508,GP,M,15,course,1,1,0,no,5,3,10,0,18.0,Medium,1.0,Very Bad
509,GP,M,15,reputation,1,2,0,yes,4,5,4,0,10.0,Medium,1.0,Very Bad
510,GP,M,16,course,1,2,0,yes,4,5,6,0,15.0,High,1.5,Neutral
511,GP,M,15,reputation,2,2,0,yes,4,2,4,0,16.0,Medium,1.0,Very Bad
512,GP,M,16,home,2,1,0,yes,4,5,6,0,14.0,Medium,1.0,Very Bad
513,GP,M,17,course,3,2,1,yes,2,5,14,0,11.0,Medium,2.5,Neutral
514,GP,M,15,reputation,1,1,0,no,4,4,2,0,14.0,Medium,1.5,Very Bad
515,GP,F,15,course,1,2,0,no,2,1,0,0,14.0,Medium,1.5,Very Bad
516,GP,M,15,home,1,4,0,yes,5,5,6,0,13.0,High,1.5,Neutral
517,GP,F,16,course,2,2,0,yes,2,5,2,0,13.0,High,1.5,Very Bad
518,GP,M,16,course,1,1,0,yes,4,5,4,0,13.0,Medium,2.5,Very Bad
519,GP,F,16,home,1,2,0,no,4,5,0,0,11.0,Medium,1.0,Neutral
520,GP,M,15,home,1,1,0,no,5,5,2,0,9.0,High,2.5,Neutral
521,GP,F,15,home,1,2,0,yes,3,1,0,0,11.0,Medium,1.0,Very Bad
522,GP,F,19,course,1,2,2,no,4,5,0,0,10.0,Low,1.0,Very Bad
523,GP,M,16,course,1,1,0,yes,5,4,8,0,14.0,Medium,3.5,Neutral
524,GP,M,16,course,2,3,0,no,2,1,4,0,13.0,Medium,2.0,Very Bad
525,GP,F,15,course,2,3,0,no,2,5,0,0,11.0,Medium,2.0,Very Bad
526,GP,F,18,reputation,1,2,3,yes,4,5,10,0,9.0,Medium,2.0,Excellent
527,GP,F,17,course,3,1,0,no,2,5,8,0,11.0,Medium,1.5,Very Bad
528,GP,F,15,course,3,1,0,yes,3,4,6,0,12.0,Medium,1.5,Very Bad
529,GP,F,17,course,1,1,0,no,4,5,2,0,12.0,Medium,2.0,Neutral
530,GP,F,16,course,1,1,0,no,2,5,12,0,14.0,Medium,2.5,Very Bad
531,GP,M,16,course,4,1,0,no,2,2,4,0,10.0,Low,1.0,Very Bad
532,GP,F,16,home,1,1,1,no,3,5,12,0,12.0,Low,1.0,Neutral
533,GP,M,15,course,4,2,0,no,3,5,2,0,11.0,Medium,1.0,Neutral
534,GP,F,15,course,1,3,0,yes,3,5,4,0,14.0,Medium,1.0,Very Bad
535,GP,M,17,course,3,2,0,no,4,5,2,0,10.0,Low,3.0,Neutral
536,GP,F,16,course,4,2,0,no,1,3,0,0,13.0,Low,1.0,Very Bad
537,GP,M,18,course,2,1,0,yes,3,4,2,0,11.0,High,4.5,Neutral
538,GP,F,18,course,1,3,0,yes,3,5,10,0,11.0,Medium,3.0,Very Bad
539,GP,F,16,reputation,2,1,0,yes,3,1,8,0,11.0,Medium,1.5,Very Bad
540,GP,F,16,course,2,1,0,yes,3,5,4,0,9.0,Medium,1.0,Very Bad
541,GP,M,16,course,1,2,2,no,4,5,0,0,10.0,Medium,2.0,Neutral
542,GP,F,15,course,2,1,0,yes,3,5,6,0,14.0,Medium,1.0,Very Bad
543,GP,F,15,course,3,1,1,yes,5,1,2,0,9.0,Low,1.0,Excellent
544,GP,M,15,course,2,4,0,no,2,3,6,0,10.0,High,1.0,Very Bad
545,GP,F,15,home,1,2,0,no,3,1,24,0,9.0,Low,2.5,Very Bad
546,GP,M,16,course,1,3,0,yes,3,5,0,0,14.0,High,2.0,Very Bad
547,GP,M,16,reputation,2,1,0,yes,3,2,4,0,11.0,High,2.0,Very Bad
548,GP,F,15,course,1,3,0,yes,2,5,2,0,13.0,High,1.0,Very Bad
549,GP,F,16,course,1,1,0,no,4,1,4,0,11.0,Medium,3.0,Very Bad
550,GP,M,17,home,1,1,0,no,4,5,22,0,7.0,Medium,1.5,Neutral
551,GP,F,15,course,1,2,0,no,4,5,0,0,12.0,Medium,1.5,Very Bad
552,GP,F,15,home,2,1,0,yes,4,5,0,0,10.0,Medium,1.0,Very Bad
553,GP,F,15,home,1,2,1,no,3,3,2,0,11.0,High,1.0,Very Bad
554,GP,F,15,course,1,2,0,no,3,5,6,0,13.0,Medium,1.0,Very Bad
555,GP,F,15,course,1,2,0,no,3,1,6,0,11.0,Low,3.0,Neutral
556,GP,M,16,course,1,1,0,no,3,5,16,0,9.0,Medium,1.5,Very Bad
557,GP,M,15,course,4,1,0,no,5,5,0,0,11.0,Medium,3.5,Neutral
558,GP,M,18,course,1,1,2,no,3,4,0,0,6.0,Medium,3.5,Neutral
559,GP,M,16,course,1,1,1,yes,4,5,6,0,10.0,Medium,4.0,Neutral
560,GP,F,15,reputation,2,3,0,yes,2,3,2,0,13.0,High,2.5,Very Bad
561,GP,M,19,home,1,1,0,no,5,4,6,0,10.0,Medium,1.0,Neutral
562,GP,F,17,course,1,1,0,no,2,4,0,0,13.0,Medium,1.0,Very Bad
563,GP,M,15,course,1,2,0,yes,4,1,0,0,8.0,Medium,1.0,Neutral
564,GP,M,17,reputation,1,1,3,no,2,5,14,0,9.0,Low,3.0,Very Bad
565,GP,F,18,course,3,1,3,yes,2,4,6,0,11.0,Low,3.0,Neutral
566,GP,M,16,course,3,1,0,no,2,3,4,0,11.0,Low,1.5,Very Bad
567,GP,M,16,course,1,2,1,no,5,5,0,0,6.0,Medium,4.0,Neutral
568,GP,M,16,course,2,1,2,no,4,5,0,0,9.0,Medium,4.0,Neutral
569,GP,M,17,course,2,1,1,yes,3,5,8,0,8.0,Medium,2.0,Very Bad
570,GP,M,17,course,2,2,2,no,4,3,4,0,7.0,Medium,2.5,Neutral
571,GP,M,15,course,2,1,0,yes,4,5,2,0,9.0,Medium,3.0,Neutral
572,GP,M,16,course,1,1,1,no,3,2,2,0,8.0,Medium,2.5,Very Bad
573,GP,M,17,course,4,2,0,yes,3,5,0,0,8.0,Low,3.0,Excellent
574,GP,M,17,course,2,1,3,yes,5,2,10,0,8.0,Medium,1.0,Very Bad
575,GP,M,16,course,1,2,0,no,3,4,0,0,10.0,Low,3.0,Neutral
576,GP,F,16,home,1,2,0,no,2,3,0,0,17.0,Medium,1.0,Very Bad
577,GP,F,16,home,1,2,0,no,1,4,0,0,12.0,Medium,1.0,Neutral
578,GP,F,16,reputation,1,2,0,no,4,3,0,0,16.0,High,1.0,Very Bad
579,GP,M,16,course,3,1,1,yes,4,2,4,0,9.0,Medium,3.0,Neutral
580,GP,M,16,reputation,2,2,0,yes,3,3,0,0,17.0,Medium,1.0,Very Bad
581,GP,M,17,reputation,1,2,0,yes,4,5,0,0,10.0,High,2.0,Neutral
582,GP,F,16,home,1,2,0,yes,3,3,0,0,13.0,Medium,1.0,Neutral
583,GP,F,16,reputation,2,2,0,yes,4,4,0,0,14.0,Medium,1.0,Neutral
584,GP,M,17,course,2,2,0,yes,4,4,0,0,11.0,Medium,4.0,Neutral
585,GP,F,16,reputation,2,2,0,yes,4,5,0,0,13.0,Medium,2.5,Very Bad
586,GP,M,17,reputation,1,2,0,yes,3,4,4,0,10.0,Low,2.5,Neutral
587,GP,M,16,other,1,1,0,yes,3,3,8,0,10.0,Medium,3.5,Very Bad
588,GP,M,17,course,1,2,0,yes,2,2,4,0,12.0,Medium,1.0,Neutral
589,GP,M,16,home,1,2,0,yes,4,3,4,0,11.0,High,2.5,Very Bad
590,GP,M,16,home,1,2,0,yes,2,3,0,0,12.0,Medium,1.5,Very Bad
591,GP,F,17,reputation,1,2,0,yes,4,5,0,0,17.0,Medium,2.5,Very Bad
592,GP,F,17,reputation,1,2,0,yes,3,1,32,0,14.0,Medium,2.5,Neutral
593,GP,F,16,reputation,1,2,0,no,2,1,8,0,15.0,Medium,1.5,Very Bad
594,GP,M,17,other,1,2,0,yes,3,4,6,0,13.0,High,2.5,Neutral
595,GP,M,16,other,1,1,0,yes,3,3,0,0,10.0,High,1.5,Very Bad
596,GP,M,16,course,1,2,0,yes,2,5,0,0,14.0,Medium,1.5,Very Bad
597,GP,F,17,reputation,1,2,0,no,3,3,10,0,13.0,Medium,2.0,Very Bad
598,GP,M,17,home,1,2,0,no,1,3,6,0,9.0,Low,3.0,Very Bad
599,GP,F,16,course,1,2,0,no,3,2,6,0,12.0,Medium,1.0,Very Bad
600,GP,F,17,course,1,2,0,yes,3,3,0,0,12.0,Medium,1.0,Very Bad
601,GP,M,17,other,2,2,0,yes,4,5,16,0,11.0,Medium,4.5,Neutral
602,GP,M,16,reputation,1,1,0,yes,3,5,0,0,10.0,Medium,3.5,Very Bad
603,GP,M,16,home,2,1,0,no,3,3,0,0,12.0,Medium,1.0,Very Bad
604,GP,F,17,course,1,2,0,yes,3,5,8,0,15.0,High,1.0,Very Bad
605,GP,M,17,home,1,1,0,no,2,5,4,0,13.0,Medium,1.5,Very Bad
606,GP,M,16,home,3,1,0,yes,3,3,16,0,11.0,Medium,4.0,Very Bad
607,GP,F,17,home,2,1,1,no,2,2,30,0,15.0,High,2.5,Neutral
608,GP,F,16,reputation,1,2,0,no,5,3,0,0,11.0,High,1.5,Very Bad
609,GP,F,16,home,1,2,0,yes,3,2,2,0,14.0,Medium,3.0,Neutral
610,GP,F,16,reputation,1,2,0,yes,4,4,4,0,12.0,Medium,2.0,Very Bad
611,GP,F,17,course,1,2,0,no,4,1,0,0,15.0,Low,2.0,Neutral
612,GP,F,17,reputation,1,1,0,no,3,3,21,0,13.0,Medium,1.5,Very Bad
613,GP,F,16,reputation,2,4,0,yes,3,5,6,0,13.0,Medium,1.0,Neutral
614,GP,F,17,home,1,3,1,no,4,5,14,0,8.0,High,3.5,Very Bad
615,GP,F,16,course,1,2,0,no,3,4,2,0,11.0,Medium,2.0,Very Bad
616,GP,F,16,other,1,2,0,yes,3,1,4,0,15.0,Medium,1.0,Very Bad
617,GP,F,16,home,2,1,0,no,3,5,2,0,13.0,Medium,2.5,Very Bad
618,GP,F,17,reputation,2,3,0,yes,4,4,0,0,12.0,Medium,1.0,Very Bad
619,GP,F,19,reputation,1,4,0,yes,3,3,4,0,12.0,Medium,1.5,Very Bad
620,GP,M,17,home,1,2,0,no,3,3,15,0,12.0,High,4.5,Excellent
621,GP,F,16,reputation,1,2,0,no,3,4,0,0,13.0,Medium,1.0,Very Bad
622,GP,M,18,home,1,2,0,yes,4,5,10,0,11.0,Medium,3.0,Neutral
623,GP,F,17,other,1,1,0,no,2,3,6,0,11.0,Medium,1.5,Very Bad
624,GP,F,17,reputation,2,2,0,no,4,1,2,0,15.0,Medium,2.0,Neutral
625,GP,F,17,reputation,1,2,0,no,4,1,16,0,10.0,Medium,3.0,Neutral
626,GP,M,18,home,1,2,0,no,2,4,10,0,10.0,High,3.0,Very Bad
627,GP,F,17,home,2,1,0,no,3,3,4,0,13.0,Medium,2.5,Very Bad
628,GP,F,17,course,1,3,0,yes,3,4,0,0,12.0,Medium,1.0,Very Bad
629,GP,F,17,reputation,2,2,0,yes,2,5,0,0,11.0,Medium,1.5,Neutral
630,GP,F,17,reputation,1,3,0,yes,3,5,12,0,12.0,Medium,1.0,Neutral
631,GP,F,16,other,1,2,0,no,3,3,0,0,13.0,High,1.0,Very Bad
632,GP,M,18,home,2,2,3,no,3,4,9,0,10.0,Medium,5.0,Very Bad
633,GP,F,16,home,1,3,0,yes,3,5,4,0,16.0,Medium,1.0,Very Bad
634,GP,F,18,reputation,1,2,0,yes,3,4,4,0,8.0,Low,1.0,Neutral
635,GP,F,17,course,1,2,0,yes,3,3,2,0,17.0,Low,2.0,Neutral
636,GP,M,17,reputation,1,2,0,no,3,3,0,0,11.0,High,2.0,Very Bad
637,GP,M,18,course,4,2,0,yes,3,3,2,0,10.0,High,4.5,Very Bad
638,GP,F,17,course,2,3,0,yes,2,3,0,0,15.0,Low,1.5,Very Bad
639,GP,F,17,reputation,1,2,0,yes,2,3,0,0,13.0,Medium,1.5,Very Bad
640,GP,M,17,course,2,2,0,yes,5,1,0,0,13.0,Medium,1.0,Very Bad
641,GP,M,17,reputation,1,2,0,yes,5,2,0,0,13.0,High,2.0,Neutral
642,GP,M,16,reputation,1,2,0,yes,2,1,0,0,13.0,Medium,3.0,Neutral
643,GP,M,16,home,2,2,0,no,4,5,2,0,9.0,Medium,1.0,Very Bad
644,GP,M,16,reputation,2,3,0,yes,3,2,0,0,12.0,Medium,2.0,Neutral
645,GP,M,17,home,1,2,0,yes,4,4,0,0,16.0,Medium,5.0,Very Bad
646,GP,F,16,home,1,1,0,no,5,5,4,0,10.0,Medium,1.0,Very Bad
647,GP,F,16,home,1,2,0,yes,3,5,0,0,13.0,Low,1.5,Neutral
648,GP,F,18,course,2,2,1,no,3,3,18,0,10.0,Medium,1.0,Very Bad
649,GP,F,18,course,1,2,1,no,3,5,16,0,9.0,Medium,1.0,Very Bad
650,GP,F,18,course,2,1,1,no,1,3,14,0,7.0,Low,1.0,Very Bad
651,GP,M,18,course,1,1,1,yes,4,1,26,0,8.0,Medium,2.0,Very Bad
652,GP,M,17,course,1,1,0,yes,2,5,6,0,9.0,Medium,1.5,Very Bad
653,GP,F,17,course,1,2,0,yes,4,3,4,0,14.0,Low,1.0,Very Bad
654,GP,F,17,course,1,3,0,yes,3,4,10,0,10.0,Medium,1.5,Very Bad
655,GP,F,16,course,1,1,0,no,3,5,4,0,11.0,Low,1.5,Neutral
656,GP,F,17,course,3,2,0,yes,1,3,2,0,13.0,Low,1.0,Very Bad
657,GP,F,17,course,4,1,1,no,5,5,14,0,9.0,Medium,1.0,Neutral
658,GP,M,18,reputation,1,2,0,no,5,2,16,0,8.0,Medium,4.0,Neutral
659,GP,F,17,home,1,1,1,no,1,1,8,0,10.0,Low,1.0,Very Bad
660,GP,F,17,course,2,3,0,yes,3,5,4,0,15.0,Medium,2.0,Very Bad
661,GP,F,17,course,1,2,0,yes,3,4,4,0,14.0,Medium,1.0,Very Bad
662,GP,M,17,course,2,2,0,yes,5,5,8,0,15.0,Medium,2.5,Neutral
663,GP,M,17,course,2,2,0,no,3,4,0,0,12.0,Medium,2.5,Very Bad
664,GP,M,16,course,1,1,0,yes,4,3,7,0,14.0,Medium,1.0,Neutral
665,GP,M,16,course,1,1,0,yes,3,5,4,0,15.0,High,1.5,Very Bad
666,GP,F,17,course,1,2,0,no,3,5,2,0,11.0,High,2.5,Very Bad
667,GP,M,17,home,2,3,0,no,3,1,2,0,14.0,Low,1.0,Very Bad
668,GP,F,17,home,2,3,0,no,2,5,10,0,11.0,Medium,2.5,Very Bad
669,GP,F,17,course,1,2,0,no,3,4,10,0,10.0,Low,1.0,Very Bad
670,GP,F,18,course,2,3,0,no,4,3,10,0,11.0,Medium,1.0,Neutral
671,GP,M,16,course,3,1,0,no,3,4,7,0,16.0,Medium,1.0,Very Bad
672,GP,F,17,course,1,2,0,no,3,5,4,0,11.0,Medium,1.5,Neutral
673,GP,M,17,course,2,1,0,no,2,2,2,0,12.0,Medium,1.0,Very Bad
674,GP,M,22,other,1,1,3,no,4,1,12,0,6.0,Medium,5.0,Excellent
675,GP,M,18,course,1,2,0,no,3,5,8,0,10.0,Medium,2.0,Very Bad
676,GP,M,16,other,1,1,0,no,3,5,0,0,11.0,Low,3.0,Very Bad
677,GP,M,18,course,2,1,0,no,4,5,8,0,7.0,Medium,3.0,Neutral
678,GP,M,16,reputation,3,2,1,no,3,2,4,0,10.0,Medium,2.0,Very Bad
679,GP,M,18,other,1,1,2,no,2,5,4,0,7.0,Medium,3.5,Neutral
680,GP,M,16,course,2,1,0,yes,3,3,2,0,13.0,Low,2.0,Very Bad
681,GP,M,17,course,1,1,0,no,4,5,0,0,12.0,Low,3.0,Very Bad
682,GP,M,17,course,2,1,1,yes,4,5,0,0,10.0,High,1.5,Neutral
683,GP,F,18,course,1,2,0,no,3,5,2,0,12.0,Medium,2.0,Neutral
684,GP,F,17,reputation,1,4,0,yes,2,4,2,0,16.0,High,1.0,Very Bad
685,GP,F,19,home,1,2,0,no,3,5,0,0,10.0,High,1.0,Very Bad
686,GP,M,18,course,3,2,1,yes,4,5,4,0,11.0,Medium,4.0,Neutral
687,GP,F,17,course,1,3,0,yes,3,5,2,0,12.0,Medium,2.0,Neutral
688,GP,F,18,home,1,3,0,no,4,3,4,0,12.0,Medium,2.5,Very Bad
689,GP,F,18,home,1,2,0,no,2,5,4,0,12.0,Low,1.0,Very Bad
690,GP,M,19,reputation,1,2,0,no,3,1,4,0,13.0,Medium,1.0,Very Bad
691,GP,M,18,home,1,2,0,yes,2,4,2,0,16.0,Medium,1.5,Neutral
692,GP,M,17,other,2,1,0,no,2,4,0,0,10.0,Low,1.0,Very Bad
693,GP,F,17,course,1,4,0,yes,4,2,2,0,11.0,High,1.0,Very Bad
694,GP,F,20,course,2,2,0,yes,2,2,8,0,11.0,Medium,1.5,Very Bad
695,GP,F,18,home,1,2,0,no,1,2,2,0,15.0,Medium,2.0,Very Bad
696,GP,M,18,course,1,2,0,no,3,3,2,0,10.0,Medium,1.0,Very Bad
697,GP,M,18,course,1,3,0,yes,3,3,2,0,11.0,Low,1.0,Very Bad
698,GP,F,17,home,1,3,0,yes,2,4,2,0,13.0,Low,1.0,Very Bad
699,GP,F,18,home,1,3,0,yes,3,3,0,0,12.0,Medium,1.0,Very Bad
700,GP,M,17,home,2,1,0,no,4,4,8,0,8.0,Low,2.5,Neutral
701,GP,M,18,reputation,2,2,0,yes,2,1,6,0,16.0,Medium,3.5,Neutral
702,GP,M,17,other,1,2,0,yes,4,5,0,0,12.0,Medium,3.5,Neutral
703,GP,F,18,reputation,2,2,0,yes,3,4,8,0,11.0,Medium,2.0,Neutral
704,GP,M,18,reputation,1,2,0,yes,4,5,4,0,12.0,Medium,2.0,Excellent
705,GP,F,18,reputation,2,2,0,no,3,3,12,0,9.0,Low,1.5,Neutral
706,GP,F,19,home,1,2,0,yes,3,5,16,0,12.0,High,3.0,Neutral
707,GP,F,18,reputation,1,4,0,yes,5,2,10,0,16.0,Medium,2.0,Neutral
708,GP,F,18,home,2,2,0,no,4,3,2,0,13.0,Medium,1.0,Very Bad
709,GP,M,17,home,1,2,0,yes,5,1,2,0,17.0,Low,2.0,Very Bad
710,GP,F,18,home,1,2,0,no,2,1,8,0,14.0,Medium,1.5,Neutral
711,GP,F,17,reputation,2,2,0,no,3,1,6,0,16.0,Medium,1.0,Very Bad
712,GP,F,17,course,2,2,0,no,4,5,6,0,12.0,High,2.5,Neutral
713,GP,F,18,home,2,2,0,no,1,5,15,0,10.0,Low,1.0,Very Bad
714,GP,M,18,home,2,1,0,yes,2,3,6,0,12.0,Medium,2.5,Very Bad
715,GP,F,18,reputation,1,2,1,yes,4,4,2,0,13.0,High,1.0,Neutral
716,GP,F,17,reputation,3,3,0,no,2,1,8,0,14.0,Medium,1.0,Very Bad
717,GP,F,19,reputation,1,2,1,no,3,3,0,0,9.0,Medium,3.5,Very Bad
718,GP,M,18,course,2,1,0,yes,2,1,0,0,10.0,High,1.5,Very Bad
719,GP,M,18,home,2,1,0,no,4,4,10,0,10.0,Low,3.0,Very Bad
720,GP,M,17,home,2,1,0,yes,5,5,22,0,11.0,Medium,3.0,Neutral
721,GP,M,17,home,1,1,0,no,4,3,18,0,13.0,Medium,3.5,Neutral
722,GP,F,18,reputation,2,4,0,yes,2,3,2,0,17.0,Medium,1.0,Very Bad
723,GP,F,18,home,2,2,0,yes,4,4,0,0,13.0,Medium,1.0,Neutral
724,GP,F,17,course,1,2,0,no,4,5,12,0,13.0,Medium,1.5,Neutral
725,GP,F,18,reputation,2,2,0,yes,3,5,10,0,13.0,Medium,1.0,Very Bad
726,GP,M,17,reputation,1,2,0,no,3,4,0,0,12.0,Low,1.5,Very Bad
727,GP,F,18,other,1,3,0,no,3,2,0,0,18.0,Medium,1.5,Very Bad
728,GP,F,17,reputation,1,3,0,no,3,3,0,0,13.0,High,1.0,Very Bad
729,GP,M,18,reputation,1,3,0,yes,2,2,0,0,15.0,Medium,2.0,Neutral
730,GP,M,18,reputation,1,2,0,yes,4,2,0,0,17.0,High,1.0,Very Bad
731,GP,M,18,home,1,2,0,yes,3,5,2,0,16.0,Medium,2.5,Very Bad
732,GP,F,17,reputation,1,3,0,no,2,3,0,0,18.0,High,1.5,Very Bad
733,GP,F,17,reputation,2,4,0,no,1,3,0,0,19.0,Medium,1.0,Very Bad
734,GP,M,18,reputation,2,3,0,yes,4,4,0,0,15.0,Medium,1.0,Very Bad
735,GP,M,17,home,1,1,0,no,4,5,0,0,15.0,Medium,2.0,Very Bad
736,GP,F,19,reputation,2,2,0,yes,3,2,2,0,13.0,High,2.5,Very Bad
737,GP,F,18,home,2,2,0,no,4,2,0,0,14.0,High,1.5,Neutral
738,GP,F,18,reputation,1,4,0,no,3,3,0,0,17.0,Medium,1.0,Very Bad
739,GP,M,18,home,1,1,0,no,4,1,0,0,18.0,High,2.0,Very Bad
740,GP,F,18,home,1,2,0,no,2,4,0,0,15.0,High,1.0,Neutral
741,GP,M,17,home,2,1,0,no,1,5,0,0,13.0,Medium,2.0,Very Bad
742,GP,F,17,reputation,2,3,0,yes,3,5,0,0,7.0,Medium,1.0,Neutral
743,GP,F,17,reputation,2,3,0,no,3,3,0,0,16.0,Medium,1.0,Very Bad
744,GP,F,17,reputation,1,4,0,yes,2,5,0,0,18.0,Medium,1.5,Very Bad
745,GP,M,19,course,2,3,1,yes,3,5,0,0,10.0,Medium,1.0,Very Bad
746,GP,M,20,course,1,1,2,yes,5,5,0,0,15.0,Medium,1.0,Very Bad
747,GP,M,19,reputation,1,2,0,yes,5,5,0,0,10.0,Low,1.5,Very Bad
748,GP,F,18,home,1,2,0,no,4,5,2,0,10.0,Medium,1.5,Neutral
749,GP,F,18,course,2,2,0,yes,3,1,2,0,13.0,Medium,1.5,Very Bad
750,GP,F,17,course,2,2,0,yes,2,3,2,0,12.0,Medium,1.0,Very Bad
751,GP,F,17,course,1,1,0,yes,4,5,2,0,16.0,Medium,1.0,Neutral
752,GP,F,18,course,1,3,0,yes,3,5,2,0,16.0,Medium,1.0,Neutral
753,GP,F,18,course,2,1,0,no,2,1,8,0,13.0,High,2.5,Very Bad
754,GP,F,17,course,1,3,0,yes,3,5,2,0,16.0,Medium,3.5,Neutral
755,GP,F,18,course,1,2,0,no,1,3,8,0,12.0,Medium,1.0,Neutral
756,GP,M,19,course,2,2,0,yes,4,1,9,0,10.0,Medium,1.0,Neutral
757,GP,F,18,course,1,2,0,no,4,5,0,0,12.0,Medium,3.0,Neutral
758,GP,F,18,course,1,1,0,yes,4,1,4,0,12.0,Medium,1.0,Neutral
759,GP,F,17,course,1,1,0,yes,3,5,2,0,16.0,Medium,1.5,Neutral
760,GP,F,17,course,1,2,0,no,2,5,14,0,16.0,Medium,1.5,Very Bad
761,GP,F,17,home,1,2,0,no,3,5,0,0,12.0,High,1.0,Very Bad
762,GP,F,17,home,1,2,0,yes,2,2,2,0,12.0,Medium,2.0,Very Bad
763,GP,M,18,reputation,1,1,0,no,2,5,2,0,10.0,Medium,3.5,Neutral
764,GP,F,19,course,3,3,0,yes,5,5,12,0,10.0,Low,3.5,Neutral
765,GP,F,19,course,3,2,2,no,3,4,2,0,8.0,Medium,1.0,Neutral
766,GP,F,18,course,1,1,0,yes,3,5,2,0,10.0,Medium,3.0,Neutral
767,GP,F,17,course,1,2,0,no,2,3,4,0,13.0,Medium,1.0,Very Bad
768,GP,F,17,course,1,3,0,yes,3,3,0,0,11.0,High,2.0,Very Bad
769,GP,F,17,course,1,3,0,no,4,5,0,0,17.0,Medium,2.5,Very Bad
770,GP,F,17,home,2,3,0,no,3,2,0,0,14.0,Medium,2.5,Very Bad
771,GP,F,18,home,2,3,0,yes,5,2,0,0,14.0,Medium,1.5,Neutral
772,GP,M,18,course,1,3,0,yes,3,3,0,0,13.0,Medium,2.0,Very Bad
773,GP,M,17,reputation,1,1,0,yes,3,5,0,0,17.0,Medium,4.0,Neutral
774,GP,M,17,course,4,1,0,no,4,4,2,0,10.0,Medium,5.0,Neutral
775,GP,F,17,course,1,3,0,yes,4,4,0,0,13.0,High,2.0,Neutral
776,GP,F,17,course,2,3,0,no,3,4,4,0,15.0,Medium,1.5,Very Bad
777,GP,F,17,course,1,1,0,yes,2,5,2,0,11.0,Medium,3.5,Neutral
778,GP,M,18,course,1,4,0,yes,5,5,0,0,11.0,High,3.0,Neutral
779,GP,M,19,home,1,1,0,no,3,5,0,0,10.0,Medium,2.0,Neutral
780,GP,F,18,course,4,2,0,yes,2,2,2,0,10.0,Low,1.0,Neutral
781,GP,F,17,course,1,3,0,no,4,5,0,0,15.0,Medium,1.0,Very Bad
782,GP,M,18,reputation,1,1,0,no,4,5,6,0,15.0,Low,1.5,Very Bad
783,GP,F,18,home,1,2,0,yes,3,4,8,0,11.0,Medium,1.0,Neutral
784,GP,F,18,home,1,2,0,yes,3,2,0,0,10.0,Medium,1.0,Very Bad
785,GP,F,18,course,2,4,0,yes,4,4,6,0,14.0,Low,1.0,Neutral
786,GP,F,17,course,1,3,0,no,4,5,8,0,13.0,Medium,2.0,Neutral
787,GP,F,17,home,1,2,0,no,3,2,0,0,14.0,Medium,2.5,Very Bad
788,GP,F,18,home,1,4,0,no,3,1,4,0,14.0,High,1.0,Very Bad
789,GP,F,17,home,1,2,0,no,3,2,0,0,15.0,Low,2.5,Very Bad
790,GP,M,18,home,1,2,0,yes,3,2,0,0,12.0,High,2.0,Very Bad
791,GP,M,18,home,1,2,0,yes,3,5,6,0,16.0,Medium,2.0,Very Bad
792,GP,F,17,home,1,2,0,no,3,4,18,0,12.0,Medium,1.5,Very Bad
793,GP,F,18,course,1,3,0,no,3,3,0,0,12.0,Medium,1.5,Very Bad
794,GP,F,18,other,1,3,0,no,4,1,4,0,16.0,Medium,2.5,Neutral
795,GP,M,18,course,1,3,0,no,3,4,4,0,16.0,Medium,1.5,Very Bad
796,GP,M,18,course,1,3,0,no,4,5,0,0,14.0,Medium,2.5,Excellent
797,GP,F,17,reputation,1,3,0,yes,4,4,0,0,12.0,Medium,2.0,Very Bad
798,GP,F,17,course,2,2,0,yes,3,1,10,0,14.0,Medium,2.0,Neutral
799,GP,F,17,reputation,1,2,0,yes,3,4,4,0,15.0,Medium,3.0,Neutral
800,GP,F,19,home,2,1,1,no,2,5,16,0,11.0,Medium,3.5,Very Bad
801,GP,F,17,home,1,1,1,no,1,3,6,0,12.0,Medium,1.0,Very Bad
802,GP,F,21,reputation,1,3,2,yes,3,5,0,0,11.0,High,1.0,Very Bad
803,GP,M,18,reputation,1,2,0,yes,4,3,11,0,11.0,Medium,2.0,Neutral
804,GP,M,18,reputation,1,2,0,yes,3,2,9,0,14.0,Medium,2.5,Neutral
805,GP,F,17,reputation,1,2,0,yes,3,4,0,0,16.0,High,2.0,Neutral
806,GP,M,17,reputation,1,3,0,no,4,4,2,0,14.0,Medium,1.5,Very Bad
807,GP,F,18,course,1,2,0,yes,2,3,0,0,16.0,High,1.0,Very Bad
808,GP,M,21,course,2,2,2,yes,3,4,21,0,10.0,Medium,3.5,Neutral
809,GP,F,20,reputation,2,3,0,no,2,3,8,0,14.0,Medium,2.0,Very Bad
810,GP,F,19,home,1,1,1,no,2,5,5,0,10.0,High,4.0,Neutral
811,GP,M,17,reputation,1,2,0,no,4,5,10,0,17.0,Medium,1.5,Neutral
812,GP,F,18,reputation,1,3,0,no,3,2,5,0,16.0,Medium,1.5,Neutral
813,GP,M,18,reputation,1,1,0,no,1,4,13,0,14.0,Medium,4.5,Very Bad
814,GP,M,19,reputation,1,1,0,no,3,4,10,0,10.0,Medium,2.5,Neutral
815,GP,F,18,reputation,2,2,0,no,1,4,10,0,16.0,Medium,2.0,Neutral
816,GP,F,20,reputation,2,1,1,no,3,5,5,0,9.0,Medium,1.0,Very Bad
817,GP,F,18,home,1,2,0,yes,1,1,4,0,12.0,Medium,1.5,Very Bad
818,MS,F,16,other,2,1,0,no,3,5,11,0,11.0,Medium,2.0,Very Bad
819,MS,F,16,course,2,2,0,yes,4,5,0,0,12.0,Medium,1.0,Neutral
820,MS,F,15,other,1,1,1,no,1,2,6,0,10.0,Medium,1.0,Very Bad
821,MS,F,15,course,2,1,0,no,4,5,4,0,10.0,Medium,2.5,Neutral
822,MS,F,16,course,2,2,0,no,5,5,0,0,17.0,Low,1.5,Very Bad
823,MS,F,15,home,2,1,0,no,3,1,0,0,8.0,Low,1.0,Very Bad
824,MS,M,16,home,1,2,0,no,3,2,5,0,11.0,Low,2.0,Very Bad
825,MS,M,16,other,1,3,0,no,4,5,0,0,11.0,Medium,1.0,Very Bad
826,MS,F,17,course,1,2,1,no,5,5,0,0,10.0,Low,1.5,Neutral
827,MS,F,17,other,1,1,1,no,4,5,0,0,6.0,Low,2.0,Neutral
828,MS,F,15,course,2,1,0,no,5,5,0,0,14.0,Medium,4.0,Very Bad
829,MS,F,16,reputation,2,4,0,yes,2,1,4,0,10.0,Low,1.0,Very Bad
830,MS,F,15,reputation,2,2,0,no,4,4,0,0,10.0,Medium,1.5,Very Bad
831,MS,F,15,course,2,1,1,no,4,2,4,0,7.0,Medium,1.5,Very Bad
832,MS,F,16,other,2,1,0,yes,2,2,0,0,12.0,Low,1.5,Very Bad
833,MS,F,17,course,2,1,0,no,5,3,2,0,11.0,Medium,2.0,Neutral
834,MS,F,15,course,2,1,0,no,1,4,0,0,15.0,Low,1.0,Very Bad
835,MS,M,16,home,2,2,0,yes,4,3,0,0,2.0,Medium,4.5,Excellent
836,MS,M,17,home,1,2,0,no,4,5,4,0,9.0,Medium,3.0,Very Bad
837,MS,M,15,reputation,1,2,0,yes,3,2,0,0,13.0,High,1.5,Neutral
838,MS,M,15,reputation,1,2,0,yes,3,2,7,0,8.0,High,1.5,Neutral
839,MS,M,16,other,3,2,0,no,4,5,4,0,10.0,Low,1.5,Neutral
840,MS,M,15,course,4,2,0,yes,4,4,8,0,8.0,Low,3.0,Excellent
841,MS,M,15,reputation,1,2,0,yes,3,5,0,0,11.0,Medium,1.0,Very Bad
842,MS,M,17,other,3,1,0,yes,5,3,8,0,9.0,Low,5.0,Excellent
843,MS,F,16,course,2,3,0,yes,2,4,6,0,16.0,Medium,1.0,Very Bad
844,MS,F,15,course,2,1,0,no,1,1,3,0,12.0,Low,1.0,Very Bad
845,MS,F,16,course,3,2,0,no,5,1,2,0,15.0,Medium,1.5,Neutral
846,MS,M,16,course,2,2,0,no,3,5,0,0,11.0,Low,1.0,Very Bad
847,MS,F,16,course,3,2,0,no,4,4,4,0,10.0,Medium,1.0,Neutral
848,MS,F,16,course,1,3,1,no,3,4,0,0,9.0,Medium,1.5,Very Bad
849,MS,F,16,course,1,3,1,no,3,4,3,0,8.0,Medium,1.5,Very Bad
850,MS,F,15,home,1,2,0,no,4,2,0,0,9.0,Medium,3.0,Very Bad
851,MS,F,16,course,1,2,0,no,4,2,0,0,14.0,Low,1.5,Neutral
852,MS,M,17,reputation,1,1,0,yes,5,3,4,0,11.0,Medium,5.0,Neutral
853,MS,F,16,home,4,4,0,no,3,1,0,0,12.0,Low,1.0,Very Bad
854,MS,F,16,other,4,3,0,no,4,5,2,0,10.0,Medium,1.0,Very Bad
855,MS,F,15,home,2,2,0,yes,3,2,1,0,11.0,Medium,1.0,Very Bad
856,MS,F,16,other,2,1,0,yes,2,2,0,0,13.0,Low,3.5,Very Bad
857,MS,F,15,course,3,2,0,no,2,2,0,0,14.0,Low,1.5,Very Bad
858,MS,F,15,other,1,3,0,no,4,5,2,0,12.0,Medium,2.0,Very Bad
859,MS,M,16,other,2,1,0,yes,4,5,6,0,11.0,Low,3.5,Very Bad
860,MS,F,18,course,1,2,1,yes,4,5,9,0,8.0,Medium,2.5,Neutral
861,MS,M,15,home,2,1,0,no,2,4,0,0,10.0,Medium,2.0,Very Bad
862,MS,F,16,course,3,2,0,yes,3,2,1,0,14.0,Medium,1.0,Neutral
863,MS,M,15,reputation,3,1,0,no,3,4,1,0,13.0,Medium,1.5,Very Bad
864,MS,M,16,course,1,2,0,yes,3,3,0,0,13.0,Medium,1.0,Very Bad
865,MS,F,15,reputation,1,2,0,no,5,1,4,0,12.0,Medium,1.0,Neutral
866,MS,F,16,course,2,2,1,yes,4,5,2,0,12.0,Low,2.5,Neutral
867,MS,F,16,home,3,1,0,yes,3,4,0,0,15.0,Medium,1.0,Very Bad
868,MS,M,16,course,2,1,0,yes,4,4,4,0,9.0,High,2.5,Very Bad
869,MS,M,15,reputation,3,1,0,yes,2,3,2,0,11.0,Medium,4.0,Neutral
870,MS,F,15,course,2,3,0,yes,3,4,0,0,13.0,Medium,1.0,Very Bad
871,MS,F,16,home,1,1,0,no,4,5,2,0,9.0,Medium,1.0,Neutral
872,MS,M,15,course,2,1,0,yes,3,3,11,0,11.0,Medium,3.0,Very Bad
873,MS,F,16,course,2,2,3,no,4,1,0,0,7.0,Medium,1.0,Very Bad
874,MS,F,17,course,1,1,0,yes,5,5,4,0,9.0,Low,1.0,Very Bad
875,MS,F,19,course,1,1,1,no,4,2,0,0,9.0,Medium,1.0,Neutral
876,MS,F,17,course,3,1,0,yes,5,3,2,0,10.0,Low,1.0,Neutral
877,MS,F,15,course,2,1,0,no,2,4,0,0,9.0,Low,2.0,Very Bad
878,MS,F,16,course,3,2,0,no,4,1,1,0,10.0,Low,1.5,Neutral
879,MS,F,16,home,1,1,0,no,3,1,6,0,7.0,Low,1.5,Neutral
880,MS,F,17,course,2,2,0,no,3,4,0,0,11.0,Medium,1.5,Neutral
881,MS,F,16,course,1,1,1,yes,4,3,1,0,10.0,Medium,2.5,Very Bad
882,MS,F,18,course,2,3,2,no,3,2,6,0,9.0,Low,1.0,Very Bad
883,MS,F,19,course,1,3,1,yes,3,3,6,0,8.0,Low,1.0,Very Bad
884,MS,M,18,home,2,1,1,yes,4,4,0,0,9.0,Low,3.5,Very Bad
885,MS,F,18,course,2,1,1,no,2,2,4,0,10.0,Low,1.0,Very Bad
886,MS,F,19,course,2,2,1,no,1,1,12,0,8.0,Medium,2.5,Very Bad
887,MS,F,16,course,1,2,0,no,3,3,2,0,9.0,Low,1.0,Very Bad
888,MS,F,17,course,2,1,0,yes,4,5,5,0,9.0,Low,4.0,Very Bad
889,MS,F,16,course,1,2,0,yes,4,3,0,0,9.0,Low,2.0,Neutral
890,MS,F,16,reputation,1,1,0,yes,5,4,0,0,13.0,Low,1.0,Neutral
891,MS,F,16,home,1,1,0,yes,4,4,2,0,14.0,High,2.0,Neutral
892,MS,M,17,course,2,4,1,yes,4,5,0,0,10.0,Medium,3.5,Neutral
893,MS,F,16,course,1,2,0,yes,3,1,0,0,14.0,Medium,1.0,Very Bad
894,MS,F,16,course,1,1,0,yes,2,5,0,0,16.0,Medium,1.5,Neutral
895,MS,M,17,course,1,1,1,yes,3,1,12,0,7.0,Medium,5.0,Excellent
896,MS,M,16,course,1,1,0,yes,2,5,8,0,13.0,Medium,3.0,Neutral
897,MS,M,17,other,3,4,1,no,3,3,2,0,9.0,Medium,4.0,Neutral
898,MS,F,16,course,1,4,0,yes,2,5,0,0,14.0,High,1.0,Very Bad
899,MS,F,19,home,1,3,0,no,4,1,0,0,13.0,Medium,1.0,Excellent
900,MS,F,17,reputation,2,1,0,yes,4,5,0,0,11.0,Low,1.5,Neutral
901,MS,F,20,other,2,2,1,yes,3,3,8,0,10.0,Medium,3.0,Neutral
902,MS,F,17,course,1,3,0,no,3,3,0,0,11.0,Medium,1.0,Very Bad
903,MS,M,17,course,3,1,1,no,4,5,0,0,9.0,Low,1.5,Neutral
904,MS,F,16,course,3,2,0,no,3,1,0,0,17.0,Medium,1.0,Very Bad
905,MS,F,17,reputation,2,2,0,yes,3,1,0,0,16.0,Low,1.0,Very Bad
906,MS,F,17,other,2,2,0,no,4,4,1,0,10.0,Low,1.0,Neutral
907,MS,F,18,other,1,2,1,no,3,5,9,0,7.0,Medium,1.0,Very Bad
908,MS,F,16,course,1,1,0,yes,1,1,0,0,7.0,Medium,2.0,Very Bad
909,MS,F,16,course,1,1,0,no,1,3,2,0,7.0,Medium,2.5,Very Bad
910,MS,F,18,reputation,2,2,0,no,3,3,8,0,9.0,Medium,2.5,Neutral
911,MS,F,16,reputation,1,2,0,yes,3,2,0,0,15.0,Medium,2.5,Very Bad
912,MS,F,16,reputation,2,1,0,yes,4,2,0,0,14.0,Medium,2.5,Neutral
913,MS,F,18,reputation,1,2,1,no,3,1,8,0,7.0,Medium,2.0,Very Bad
914,MS,M,16,reputation,2,2,0,yes,2,2,0,0,4.0,Medium,1.0,Very Bad
915,MS,F,16,other,3,2,0,no,3,5,6,0,7.0,Medium,2.0,Very Bad
916,MS,F,16,other,2,2,0,yes,3,2,0,0,9.0,Medium,1.0,Very Bad
917,MS,F,16,course,1,2,0,no,3,3,4,0,8.0,High,1.5,Neutral
918,MS,M,18,home,1,4,0,yes,5,5,2,0,6.0,Medium,5.0,Excellent
919,MS,F,16,other,3,2,0,no,2,2,2,0,8.0,Low,1.0,Very Bad
920,MS,M,17,home,1,3,0,no,4,5,0,0,15.0,High,1.5,Very Bad
921,MS,F,17,other,1,1,0,no,2,5,1,0,14.0,Low,1.5,Very Bad
922,MS,M,16,other,4,3,0,no,1,3,0,0,10.0,Medium,2.0,Very Bad
923,MS,F,17,other,1,1,0,no,1,5,5,0,9.0,Medium,1.5,Very Bad
924,MS,F,16,other,2,1,0,no,1,5,1,0,11.0,High,1.5,Very Bad
925,MS,M,17,home,1,1,0,yes,1,3,8,0,9.0,High,5.0,Neutral
926,MS,M,17,other,3,2,0,no,1,1,0,0,10.0,Medium,3.0,Neutral
927,MS,M,16,other,2,2,0,no,2,5,2,0,8.0,Medium,2.5,Very Bad
928,MS,F,16,other,1,2,0,no,2,3,0,0,15.0,Medium,1.0,Very Bad
929,MS,M,16,other,1,1,0,no,1,5,0,0,12.0,High,3.5,Very Bad
930,MS,M,15,course,3,2,0,yes,5,5,11,0,10.0,Medium,2.0,Neutral
931,MS,M,15,reputation,3,4,0,yes,4,5,8,0,14.0,Medium,2.5,Neutral
932,MS,M,15,course,1,1,0,yes,3,5,11,0,12.0,Medium,1.5,Very Bad
933,MS,F,16,course,1,3,0,no,3,5,2,0,11.0,Low,2.0,Very Bad
934,MS,F,16,home,2,2,0,yes,2,1,8,0,10.0,Medium,2.0,Very Bad
935,MS,F,17,home,2,1,0,no,3,1,5,0,10.0,Low,2.0,Very Bad
936,MS,F,17,other,2,2,0,no,1,5,0,0,10.0,Medium,1.0,Very Bad
937,MS,F,16,course,2,3,0,no,3,5,1,0,11.0,High,2.5,Excellent
938,MS,M,17,course,3,1,3,yes,3,5,2,0,9.0,Medium,2.0,Very Bad
939,MS,M,17,course,2,1,0,yes,1,5,2,0,12.0,Low,3.0,Very Bad
940,MS,M,17,other,1,2,1,yes,4,5,8,0,8.0,Medium,3.5,Neutral
941,MS,F,17,course,1,2,0,no,2,5,0,0,15.0,High,1.0,Neutral
942,MS,M,16,other,1,1,0,no,1,2,0,0,11.0,Medium,1.5,Very Bad
943,MS,F,17,other,1,2,0,yes,5,3,2,0,11.0,Low,1.5,Neutral
944,MS,F,17,course,2,2,0,no,3,5,0,0,18.0,Medium,2.5,Very Bad
945,MS,M,16,course,2,2,0,no,1,5,0,0,13.0,Medium,2.0,Very Bad
946,MS,M,17,other,2,2,0,no,1,1,0,0,13.0,Medium,2.0,Very Bad
947,MS,M,19,other,1,2,2,yes,4,4,2,0,9.0,Medium,3.5,Very Bad
948,MS,M,17,home,1,1,0,no,1,5,4,0,11.0,Low,1.0,Very Bad
949,MS,F,17,course,2,1,0,yes,5,4,3,0,10.0,Low,2.0,Neutral
950,MS,F,16,home,1,3,0,no,3,3,5,0,13.0,Medium,1.0,Neutral
951,MS,M,16,course,1,1,0,no,4,5,4,0,10.0,Low,3.0,Neutral
952,MS,F,17,course,2,2,3,yes,4,5,2,0,9.0,Low,1.0,Neutral
953,MS,M,17,course,2,1,0,yes,5,5,0,0,10.0,Low,4.0,Excellent
954,MS,M,18,course,3,1,1,no,3,4,0,0,12.0,Medium,1.0,Very Bad
955,MS,M,17,course,2,1,0,yes,5,2,0,0,10.0,Medium,2.0,Neutral
956,MS,M,18,course,2,2,0,yes,3,5,6,0,10.0,Medium,2.5,Very Bad
957,MS,F,16,course,1,2,0,yes,4,1,0,0,12.0,Medium,1.0,Neutral
958,MS,M,17,course,1,1,1,yes,2,5,0,0,2.0,Low,2.5,Very Bad
959,MS,M,16,course,2,1,0,no,5,5,2,0,10.0,Medium,2.5,Neutral
960,MS,M,16,course,2,1,0,yes,5,5,0,0,10.0,Medium,3.0,Neutral
961,MS,M,18,course,2,1,1,no,3,5,2,0,8.0,Medium,2.5,Neutral
962,MS,M,18,course,1,1,1,no,3,5,0,0,1.0,Low,2.0,Very Bad
963,MS,M,19,course,2,1,3,yes,2,3,4,0,9.0,Medium,1.0,Very Bad
964,MS,M,18,course,1,2,2,yes,4,3,9,0,7.0,Medium,2.0,Neutral
965,MS,M,16,course,2,1,0,yes,4,4,6,0,8.0,Medium,3.0,Neutral
966,MS,M,19,course,2,1,3,yes,4,5,4,0,9.0,Low,2.0,Very Bad
967,MS,F,16,course,2,2,2,yes,5,1,8,0,6.0,Medium,1.0,Neutral
968,MS,F,17,course,1,1,0,yes,3,5,9,0,9.0,Medium,1.5,Very Bad
969,MS,M,20,course,2,1,1,no,4,4,12,0,10.0,Medium,3.0,Very Bad
970,MS,F,18,course,1,1,0,no,4,2,8,0,10.0,Medium,3.5,Neutral
971,MS,M,18,course,2,1,0,no,5,5,8,0,10.0,Low,5.0,Neutral
972,MS,M,19,home,3,2,1,no,4,2,8,0,10.0,Medium,3.0,Neutral
973,MS,M,17,course,2,2,1,no,5,3,4,0,9.0,Medium,2.5,Neutral
974,MS,M,18,course,1,1,0,no,3,3,0,0,9.0,Medium,2.5,Very Bad
975,MS,M,19,home,3,1,1,no,4,5,4,0,9.0,Medium,3.0,Neutral
976,MS,F,18,course,2,2,2,no,3,5,2,0,7.0,Low,1.0,Very Bad
977,MS,F,19,course,1,1,0,no,4,5,0,0,7.0,Low,1.0,Very Bad
978,MS,F,18,other,2,1,1,no,5,3,0,0,4.0,Low,1.0,Excellent
979,MS,F,17,course,2,1,0,no,4,5,0,0,11.0,Medium,1.0,Very Bad
980,MS,F,17,course,2,3,0,no,2,3,5,0,8.0,Medium,2.0,Very Bad
981,MS,F,17,home,1,2,0,yes,5,5,0,0,5.0,High,2.0,Neutral
982,MS,F,18,course,1,2,1,yes,3,4,3,0,7.0,High,1.5,Very Bad
983,MS,F,17,course,1,1,0,no,2,5,0,0,9.0,Medium,1.0,Very Bad
984,MS,F,17,course,1,1,0,no,5,3,0,0,9.0,Medium,1.0,Very Bad
985,MS,F,18,course,3,2,2,yes,4,5,3,0,7.0,Low,2.0,Neutral
986,MS,F,18,reputation,2,2,0,yes,3,1,2,0,13.0,Medium,1.0,Neutral
987,MS,F,17,course,2,1,0,no,4,4,0,0,12.0,High,1.0,Very Bad
988,MS,F,18,reputation,2,2,0,no,4,4,0,0,13.0,Medium,1.5,Very Bad
989,MS,F,18,reputation,2,2,0,yes,3,1,0,0,18.0,Medium,1.5,Neutral
990,MS,M,18,reputation,1,1,0,yes,4,5,3,0,17.0,High,1.0,Neutral
991,MS,F,17,course,2,2,0,no,3,4,0,0,18.0,Medium,1.5,Very Bad
992,MS,F,18,course,3,2,1,yes,3,4,0,0,3.0,Low,1.0,Very Bad
993,MS,M,18,home,2,1,0,no,1,1,8,0,11.0,Medium,5.0,Neutral
994,MS,M,18,other,3,1,0,yes,5,1,5,0,13.0,Medium,1.0,Neutral
995,MS,M,17,other,3,1,0,no,2,4,4,0,13.0,Low,3.5,Very Bad
996,MS,F,18,course,2,2,0,no,3,2,4,0,9.0,Medium,1.0,Very Bad
997,MS,F,18,course,2,3,0,no,4,3,0,0,12.0,High,2.5,Excellent
998,MS,F,18,reputation,1,2,0,yes,3,5,0,0,2.0,Medium,1.0,Very Bad
999,MS,F,18,course,3,2,1,no,4,2,2,0,10.0,Low,1.5,Very Bad
1000,MS,F,19,other,2,1,1,no,5,2,0,0,2.0,Low,2.5,Neutral
1001,MS,F,17,course,2,4,0,no,2,5,0,0,18.0,Medium,2.0,Very Bad
1002,MS,F,17,reputation,2,2,0,yes,3,2,5,0,11.0,Medium,1.5,Neutral
1003,MS,F,18,course,1,2,0,no,2,3,2,0,10.0,Medium,1.5,Neutral
1004,MS,F,18,course,2,2,0,no,1,4,0,0,11.0,Low,1.0,Very Bad
1005,MS,F,19,course,2,2,3,yes,5,1,0,0,2.0,Low,2.5,Neutral
1006,MS,F,18,home,2,3,0,no,2,4,5,0,14.0,Medium,1.0,Very Bad
1007,MS,M,17,home,2,2,1,yes,5,2,4,0,11.0,Medium,2.0,Neutral
1008,MS,F,18,course,1,2,0,no,3,5,0,0,10.0,Medium,1.0,Neutral
1009,MS,F,17,other,2,2,0,yes,3,5,2,0,12.0,High,1.5,Very Bad
1010,MS,F,17,reputation,2,2,0,no,2,5,0,0,15.0,Medium,1.5,Very Bad
1011,MS,M,18,home,2,1,0,no,3,3,2,0,14.0,Medium,1.5,Very Bad
1012,MS,F,18,course,2,3,0,no,3,4,0,0,18.0,Medium,1.0,Very Bad
1013,MS,F,18,course,3,2,0,no,3,5,0,0,15.0,Low,2.5,Neutral
1014,MS,F,18,other,2,2,0,no,3,3,6,0,13.0,High,2.0,Very Bad
1015,MS,F,17,course,1,2,0,yes,3,1,4,0,15.0,Medium,1.0,Neutral
1016,MS,F,17,course,2,2,0,no,2,3,0,0,13.0,Low,1.5,Very Bad
1017,MS,M,18,course,2,2,0,no,3,3,0,0,9.0,Medium,3.0,Very Bad
1018,MS,M,18,other,2,3,0,no,2,5,0,0,16.0,High,2.0,Very Bad
1019,MS,F,17,reputation,3,1,1,no,2,1,0,0,8.0,Medium,1.5,Very Bad
1020,MS,F,18,course,2,1,0,no,2,4,0,0,10.0,Medium,1.5,Neutral
1021,MS,F,18,other,3,2,0,no,2,5,0,0,4.0,Medium,3.0,Very Bad
1022,MS,M,18,other,3,1,0,yes,3,3,3,0,10.0,Medium,2.5,Very Bad
1023,MS,F,17,home,1,3,0,yes,4,3,8,0,11.0,Low,1.0,Very Bad
1024,MS,F,17,course,1,1,0,yes,5,1,4,0,8.0,Low,2.0,Neutral
1025,MS,F,18,reputation,2,3,0,no,4,1,0,0,16.0,Medium,1.0,Neutral
1026,MS,F,18,home,4,3,0,no,3,4,4,0,11.0,Low,1.5,Very Bad
1027,MS,F,19,course,2,2,1,no,3,3,4,0,8.0,Medium,1.0,Very Bad
1028,MS,F,18,course,1,2,0,yes,4,2,1,0,14.0,Medium,3.5,Very Bad
1029,MS,F,18,home,1,2,0,no,1,1,1,0,16.0,Medium,1.5,Very Bad
1030,MS,F,17,reputation,1,2,0,yes,5,1,10,0,9.0,Low,2.5,Neutral
1031,MS,M,18,home,1,2,0,yes,2,2,4,0,18.0,Medium,2.5,Very Bad
1032,MS,M,18,other,2,1,0,yes,4,5,0,0,4.0,Low,2.0,Very Bad
1033,MS,M,17,home,2,2,0,yes,4,3,4,0,15.0,Medium,1.0,Very Bad
1034,MS,M,19,other,2,1,1,no,3,5,0,0,4.0,Low,2.0,Very Bad
1035,MS,M,18,home,2,1,1,no,4,3,0,0,4.0,Low,3.5,Very Bad
1036,MS,F,18,other,2,3,0,no,3,4,0,0,15.0,Low,2.0,Very Bad
1037,MS,F,17,other,2,2,0,no,5,1,0,0,9.0,Medium,1.0,Neutral
1038,MS,F,18,reputation,3,1,0,yes,4,5,4,0,9.0,Medium,2.0,Very Bad
1039,MS,F,19,course,1,3,1,yes,4,5,4,0,10.0,Low,1.5,Very Bad
1040,MS,F,18,course,1,2,0,no,3,1,4,0,15.0,High,1.0,Neutral
1041,MS,F,18,course,2,2,0,yes,1,5,6,0,10.0,Low,1.0,Very Bad
1042,MS,M,17,course,2,1,0,no,4,2,6,0,10.0,Medium,3.5,Neutral
1043,MS,M,18,course,3,1,0,no,4,5,4,0,11.0,Medium,3.5,Very Bad
