,Year,Zone_EN,Coordinates,School_Type_EN,Gender_EN,LocalFlag_EN,Number of Failed students,Number of Pass students,Total Number of Students,Graduation %
0,2015,Ajman,"25.244000,55.266140",Public Schools,Female,Expat,8,243,251,96.81%
1,2015,Ajman,"25.244000,55.266140",Public Schools,Female,Local,20,353,373,94.64%
2,2015,Ajman,"25.244000,55.266140",Public Schools,Male,Expat,28,182,210,86.67%
3,2015,Ajman,"25.244000,55.266140",Public Schools,Male,Local,23,262,285,91.93%
4,2015,Ajman,"25.244000,55.266140",Private Schools,Female,Expat,11,424,435,97.47%
5,2015,Ajman,"25.244000,55.266140",Private Schools,Female,Local,0,13,13,100.00%
6,2015,Ajman,"25.244000,55.266140",Private Schools,Male,Expat,42,535,577,92.72%
7,2015,Ajman,"25.244000,55.266140",Private Schools,Male,Local,16,58,74,78.38%
8,2015,Ajman,"25.244000,55.266140",Continuing Education Centers,Female,Expat,26,50,76,65.79%
9,2015,Ajman,"25.244000,55.266140",Continuing Education Centers,Female,Local,35,48,83,57.83%
10,2015,Ajman,"25.244000,55.266140",Continuing Education Centers,Male,Expat,72,86,158,54.43%
11,2015,Ajman,"25.244000,55.266140",Continuing Education Centers,Male,Local,172,178,350,50.86%
12,2015,Fujairah,"25.133300,56.250000",Public Schools,Female,Expat,0,104,104,100.00%
13,2015,Fujairah,"25.133300,56.250000",Public Schools,Female,Local,7,816,823,99.15%
14,2015,Fujairah,"25.133300,56.250000",Public Schools,Male,Expat,3,107,110,97.27%
15,2015,Fujairah,"25.133300,56.250000",Public Schools,Male,Local,10,508,518,98.07%
16,2015,Fujairah,"25.133300,56.250000",Private Schools,Female,Expat,1,109,110,99.09%
17,2015,Fujairah,"25.133300,56.250000",Private Schools,Female,Local,0,17,17,100.00%
18,2015,Fujairah,"25.133300,56.250000",Private Schools,Male,Expat,3,130,133,97.74%
19,2015,Fujairah,"25.133300,56.250000",Private Schools,Male,Local,0,16,16,100.00%
20,2015,Fujairah,"25.133300,56.250000",Continuing Education Centers,Female,Expat,4,25,29,86.21%
21,2015,Fujairah,"25.133300,56.250000",Continuing Education Centers,Female,Local,7,55,62,88.71%
22,2015,Fujairah,"25.133300,56.250000",Continuing Education Centers,Male,Expat,28,23,51,45.10%
23,2015,Fujairah,"25.133300,56.250000",Continuing Education Centers,Male,Local,74,79,153,51.63%
24,2015,DUBAI,,Public Schools,Female,Expat,17,256,273,93.77%
25,2015,DUBAI,,Public Schools,Female,Local,53,877,930,94.30%
26,2015,DUBAI,,Public Schools,Male,Expat,25,241,266,90.60%
27,2015,DUBAI,,Public Schools,Male,Local,65,620,685,90.51%
28,2015,DUBAI,,Private Schools,Female,Expat,0,584,584,100.00%
29,2015,DUBAI,,Private Schools,Female,Local,2,83,85,97.65%
30,2015,DUBAI,,Private Schools,Male,Expat,11,544,555,98.02%
31,2015,DUBAI,,Private Schools,Male,Local,9,147,156,94.23%
32,2015,DUBAI,,Continuing Education Centers,Female,Expat,40,89,129,68.99%
33,2015,DUBAI,,Continuing Education Centers,Female,Local,91,102,193,52.85%
34,2015,DUBAI,,Continuing Education Centers,Male,Expat,53,103,156,66.03%
35,2015,DUBAI,,Continuing Education Centers,Male,Local,148,265,413,64.16%
36,2015,Ras AlKhaima,"25.800694,55.976200",Public Schools,Female,Expat,5,217,222,97.75%
37,2015,Ras AlKhaima,"25.800694,55.976200",Public Schools,Female,Local,15,990,1005,98.51%
38,2015,Ras AlKhaima,"25.800694,55.976200",Public Schools,Male,Expat,5,202,207,97.58%
39,2015,Ras AlKhaima,"25.800694,55.976200",Public Schools,Male,Local,38,725,763,95.02%
40,2015,Ras AlKhaima,"25.800694,55.976200",Private Schools,Female,Expat,14,329,343,95.92%
41,2015,Ras AlKhaima,"25.800694,55.976200",Private Schools,Female,Local,0,28,28,100.00%
42,2015,Ras AlKhaima,"25.800694,55.976200",Private Schools,Male,Expat,24,269,293,91.81%
43,2015,Ras AlKhaima,"25.800694,55.976200",Private Schools,Male,Local,0,24,24,100.00%
44,2015,Ras AlKhaima,"25.800694,55.976200",Continuing Education Centers,Female,Expat,7,16,23,69.57%
45,2015,Ras AlKhaima,"25.800694,55.976200",Continuing Education Centers,Female,Local,21,26,47,55.32%
46,2015,Ras AlKhaima,"25.800694,55.976200",Continuing Education Centers,Male,Expat,35,21,56,37.50%
47,2015,Ras AlKhaima,"25.800694,55.976200",Continuing Education Centers,Male,Local,213,139,352,39.49%
48,2015,Sharjah,"25.322327,55.513641",Public Schools,Female,Expat,17,276,293,94.20%
49,2015,Sharjah,"25.322327,55.513641",Public Schools,Female,Local,33,1346,1379,97.61%
50,2015,Sharjah,"25.322327,55.513641",Public Schools,Male,Expat,12,274,286,95.80%
51,2015,Sharjah,"25.322327,55.513641",Public Schools,Male,Local,51,967,1018,94.99%
52,2015,Sharjah,"25.322327,55.513641",Private Schools,Female,Expat,23,2131,2154,98.93%
53,2015,Sharjah,"25.322327,55.513641",Private Schools,Female,Local,2,270,272,99.26%
54,2015,Sharjah,"25.322327,55.513641",Private Schools,Male,Expat,94,1946,2040,95.39%
55,2015,Sharjah,"25.322327,55.513641",Private Schools,Male,Local,9,368,377,97.61%
56,2015,Sharjah,"25.322327,55.513641",Continuing Education Centers,Female,Expat,20,96,116,82.76%
57,2015,Sharjah,"25.322327,55.513641",Continuing Education Centers,Female,Local,46,65,111,58.56%
58,2015,Sharjah,"25.322327,55.513641",Continuing Education Centers,Male,Expat,58,64,122,52.46%
59,2015,Sharjah,"25.322327,55.513641",Continuing Education Centers,Male,Local,264,320,584,54.79%
60,2015,Umm AlQuwain,"25.520482,55.713391",Public Schools,Female,Expat,6,80,86,93.02%
61,2015,Umm AlQuwain,"25.520482,55.713391",Public Schools,Female,Local,5,139,144,96.53%
62,2015,Umm AlQuwain,"25.520482,55.713391",Public Schools,Male,Expat,3,59,62,95.16%
63,2015,Umm AlQuwain,"25.520482,55.713391",Public Schools,Male,Local,8,87,95,91.58%
64,2015,Umm AlQuwain,"25.520482,55.713391",Private Schools,Female,Expat,5,36,41,87.80%
65,2015,Umm AlQuwain,"25.520482,55.713391",Private Schools,Female,Local,0,1,1,100.00%
66,2015,Umm AlQuwain,"25.520482,55.713391",Private Schools,Male,Expat,9,20,29,68.97%
67,2015,Umm AlQuwain,"25.520482,55.713391",Private Schools,Male,Local,0,1,1,100.00%
68,2015,Umm AlQuwain,"25.520482,55.713391",Continuing Education Centers,Female,Expat,5,9,14,64.29%
69,2015,Umm AlQuwain,"25.520482,55.713391",Continuing Education Centers,Female,Local,10,5,15,33.33%
70,2015,Umm AlQuwain,"25.520482,55.713391",Continuing Education Centers,Male,Expat,8,7,15,46.67%
71,2015,Umm AlQuwain,"25.520482,55.713391",Continuing Education Centers,Male,Local,17,16,33,48.48%
72,2016,Ajman,"25.244000,55.266140",ACTVET,Female,Expat,0,12,12,100.00%
73,2016,Ajman,"25.244000,55.266140",ACTVET,Female,Local,1,386,387,99.74%
74,2016,Ajman,"25.244000,55.266140",ACTVET,Male,Expat,0,20,20,100.00%
75,2016,Ajman,"25.244000,55.266140",ACTVET,Male,Local,0,309,309,100.00%
76,2016,Ajman,"25.244000,55.266140",Public Schools,Female,Expat,4,409,413,99.03%
77,2016,Ajman,"25.244000,55.266140",Public Schools,Female,Local,6,712,718,99.16%
78,2016,Ajman,"25.244000,55.266140",Public Schools,Male,Expat,4,351,355,98.87%
79,2016,Ajman,"25.244000,55.266140",Public Schools,Male,Local,13,476,489,97.34%
80,2016,Ajman,"25.244000,55.266140",Private Schools,Female,Expat,4,981,985,99.59%
81,2016,Ajman,"25.244000,55.266140",Private Schools,Female,Local,2,45,47,95.74%
82,2016,Ajman,"25.244000,55.266140",Private Schools,Male,Expat,54,1125,1179,95.42%
83,2016,Ajman,"25.244000,55.266140",Private Schools,Male,Local,4,99,103,96.12%
84,2016,Ajman,"25.244000,55.266140",Continuing Education Centers,Female,Expat,15,84,99,84.85%
85,2016,Ajman,"25.244000,55.266140",Continuing Education Centers,Female,Local,18,66,84,78.57%
86,2016,Ajman,"25.244000,55.266140",Continuing Education Centers,Male,Expat,16,141,157,89.81%
87,2016,Ajman,"25.244000,55.266140",Continuing Education Centers,Male,Local,73,246,319,77.12%
88,2016,Fujairah,"25.133300,56.250000",ACTVET,Male,Expat,0,12,12,100.00%
89,2016,Fujairah,"25.133300,56.250000",ACTVET,Male,Local,2,228,230,99.13%
90,2016,Fujairah,"25.133300,56.250000",Public Schools,Female,Expat,2,209,211,99.05%
91,2016,Fujairah,"25.133300,56.250000",Public Schools,Female,Local,10,1573,1583,99.37%
92,2016,Fujairah,"25.133300,56.250000",Public Schools,Male,Expat,5,204,209,97.61%
93,2016,Fujairah,"25.133300,56.250000",Public Schools,Male,Local,20,1118,1138,98.24%
94,2016,Fujairah,"25.133300,56.250000",Private Schools,Female,Expat,2,347,349,99.43%
95,2016,Fujairah,"25.133300,56.250000",Private Schools,Female,Local,2,7,9,77.78%
96,2016,Fujairah,"25.133300,56.250000",Private Schools,Male,Expat,6,316,322,98.14%
97,2016,Fujairah,"25.133300,56.250000",Private Schools,Male,Local,2,24,26,92.31%
98,2016,Fujairah,"25.133300,56.250000",Continuing Education Centers,Female,Expat,6,16,22,72.73%
99,2016,Fujairah,"25.133300,56.250000",Continuing Education Centers,Female,Local,7,30,37,81.08%
100,2016,Fujairah,"25.133300,56.250000",Continuing Education Centers,Male,Expat,17,9,26,34.62%
101,2016,Fujairah,"25.133300,56.250000",Continuing Education Centers,Male,Local,105,112,217,51.61%
102,2016,DUBAI,,ACTVET,Male,Expat,0,6,6,100.00%
103,2016,DUBAI,,ACTVET,Male,Local,8,390,398,97.99%
104,2016,DUBAI,,Public Schools,Female,Expat,7,459,466,98.50%
105,2016,DUBAI,,Public Schools,Female,Local,25,1908,1933,98.71%
106,2016,DUBAI,,Public Schools,Male,Expat,15,596,611,97.55%
107,2016,DUBAI,,Public Schools,Male,Local,31,1187,1218,97.45%
108,2016,DUBAI,,Private Schools,Female,Expat,2,1212,1214,99.84%
109,2016,DUBAI,,Private Schools,Female,Local,0,120,120,100.00%
110,2016,DUBAI,,Private Schools,Male,Expat,4,1155,1159,99.65%
111,2016,DUBAI,,Private Schools,Male,Local,4,197,201,98.01%
112,2016,DUBAI,,Continuing Education Centers,Female,Expat,20,141,161,87.58%
113,2016,DUBAI,,Continuing Education Centers,Female,Local,48,184,232,79.31%
114,2016,DUBAI,,Continuing Education Centers,Male,Expat,36,173,209,82.78%
115,2016,DUBAI,,Continuing Education Centers,Male,Local,71,408,479,85.18%
116,2016,Ras AlKhaima,"25.800694,55.976200",ACTVET,Male,Expat,0,5,5,100.00%
117,2016,Ras AlKhaima,"25.800694,55.976200",ACTVET,Male,Local,0,383,383,100.00%
118,2016,Ras AlKhaima,"25.800694,55.976200",Public Schools,Female,Expat,0,387,387,100.00%
119,2016,Ras AlKhaima,"25.800694,55.976200",Public Schools,Female,Local,10,2047,2057,99.51%
120,2016,Ras AlKhaima,"25.800694,55.976200",Public Schools,Male,Expat,4,502,506,99.21%
121,2016,Ras AlKhaima,"25.800694,55.976200",Public Schools,Male,Local,27,1830,1857,98.55%
122,2016,Ras AlKhaima,"25.800694,55.976200",Private Schools,Female,Expat,18,782,800,97.75%
123,2016,Ras AlKhaima,"25.800694,55.976200",Private Schools,Female,Local,0,52,52,100.00%
124,2016,Ras AlKhaima,"25.800694,55.976200",Private Schools,Male,Expat,28,612,640,95.63%
125,2016,Ras AlKhaima,"25.800694,55.976200",Private Schools,Male,Local,0,40,40,100.00%
126,2016,Ras AlKhaima,"25.800694,55.976200",Continuing Education Centers,Female,Expat,2,15,17,88.24%
127,2016,Ras AlKhaima,"25.800694,55.976200",Continuing Education Centers,Female,Local,9,55,64,85.94%
128,2016,Ras AlKhaima,"25.800694,55.976200",Continuing Education Centers,Male,Expat,16,43,59,72.88%
129,2016,Ras AlKhaima,"25.800694,55.976200",Continuing Education Centers,Male,Local,100,192,292,65.75%
130,2016,Sharjah,"25.322327,55.513641",ACTVET,Male,Expat,0,10,10,100.00%
131,2016,Sharjah,"25.322327,55.513641",ACTVET,Male,Local,6,155,161,96.27%
132,2016,Sharjah,"25.322327,55.513641",Public Schools,Female,Expat,19,468,487,96.10%
133,2016,Sharjah,"25.322327,55.513641",Public Schools,Female,Local,56,2711,2767,97.98%
134,2016,Sharjah,"25.322327,55.513641",Public Schools,Male,Expat,9,455,464,98.06%
135,2016,Sharjah,"25.322327,55.513641",Public Schools,Male,Local,32,1859,1891,98.31%
136,2016,Sharjah,"25.322327,55.513641",Private Schools,Female,Expat,76,5268,5344,98.58%
137,2016,Sharjah,"25.322327,55.513641",Private Schools,Female,Local,6,433,439,98.63%
138,2016,Sharjah,"25.322327,55.513641",Private Schools,Male,Expat,131,5222,5353,97.55%
139,2016,Sharjah,"25.322327,55.513641",Private Schools,Male,Local,20,533,553,96.38%
140,2016,Sharjah,"25.322327,55.513641",Continuing Education Centers,Female,Expat,25,98,123,79.67%
141,2016,Sharjah,"25.322327,55.513641",Continuing Education Centers,Female,Local,46,71,117,60.68%
142,2016,Sharjah,"25.322327,55.513641",Continuing Education Centers,Male,Expat,34,84,118,71.19%
143,2016,Sharjah,"25.322327,55.513641",Continuing Education Centers,Male,Local,135,379,514,73.74%
144,2016,Umm AlQuwain,"25.520482,55.713391",Public Schools,Female,Expat,5,81,86,94.19%
145,2016,Umm AlQuwain,"25.520482,55.713391",Public Schools,Female,Local,4,185,189,97.88%
146,2016,Umm AlQuwain,"25.520482,55.713391",Public Schools,Male,Expat,5,83,88,94.32%
147,2016,Umm AlQuwain,"25.520482,55.713391",Public Schools,Male,Local,5,149,154,96.75%
148,2016,Umm AlQuwain,"25.520482,55.713391",Private Schools,Female,Expat,2,97,99,97.98%
149,2016,Umm AlQuwain,"25.520482,55.713391",Private Schools,Female,Local,0,65,65,100.00%
150,2016,Umm AlQuwain,"25.520482,55.713391",Private Schools,Male,Expat,0,44,44,100.00%
151,2016,Umm AlQuwain,"25.520482,55.713391",Continuing Education Centers,Female,Expat,8,16,24,66.67%
152,2016,Umm AlQuwain,"25.520482,55.713391",Continuing Education Centers,Female,Local,16,8,24,33.33%
153,2016,Umm AlQuwain,"25.520482,55.713391",Continuing Education Centers,Male,Expat,5,10,15,66.67%
154,2016,Umm AlQuwain,"25.520482,55.713391",Continuing Education Centers,Male,Local,11,32,43,74.42%
155,2017,Ajman,"25.244000,55.266140",ACTVET,Female,Local,0,152,152,100.00%
156,2017,Ajman,"25.244000,55.266140",ACTVET,Male,Expat,0,1,1,100.00%
157,2017,Ajman,"25.244000,55.266140",ACTVET,Male,Local,2,103,105,98.10%
158,2017,Ajman,"25.244000,55.266140",Public Schools,Female,Expat,0,198,198,100.00%
159,2017,Ajman,"25.244000,55.266140",Public Schools,Female,Local,1,362,363,99.72%
160,2017,Ajman,"25.244000,55.266140",Public Schools,Male,Expat,0,170,170,100.00%
161,2017,Ajman,"25.244000,55.266140",Public Schools,Male,Local,1,241,242,99.59%
162,2017,Ajman,"25.244000,55.266140",Private Schools,Female,Expat,4,588,592,99.32%
163,2017,Ajman,"25.244000,55.266140",Private Schools,Female,Local,0,22,22,100.00%
164,2017,Ajman,"25.244000,55.266140",Private Schools,Male,Expat,18,629,647,97.22%
165,2017,Ajman,"25.244000,55.266140",Private Schools,Male,Local,0,51,51,100.00%
166,2017,Ajman,"25.244000,55.266140",Continuing Education Centers,Female,Expat,22,73,95,76.84%
167,2017,Ajman,"25.244000,55.266140",Continuing Education Centers,Female,Local,12,57,69,82.61%
168,2017,Ajman,"25.244000,55.266140",Continuing Education Centers,Male,Expat,30,81,111,72.97%
169,2017,Ajman,"25.244000,55.266140",Continuing Education Centers,Male,Local,63,176,239,73.64%
170,2017,Fujairah,"25.133300,56.250000",ACTVET,Male,Local,1,76,77,98.70%
171,2017,Fujairah,"25.133300,56.250000",Public Schools,Female,Expat,1,96,97,98.97%
172,2017,Fujairah,"25.133300,56.250000",Public Schools,Female,Local,3,693,696,99.57%
173,2017,Fujairah,"25.133300,56.250000",Public Schools,Male,Expat,0,81,81,100.00%
174,2017,Fujairah,"25.133300,56.250000",Public Schools,Male,Local,1,503,504,99.80%
175,2017,Fujairah,"25.133300,56.250000",Private Schools,Female,Expat,4,199,203,98.03%
176,2017,Fujairah,"25.133300,56.250000",Private Schools,Female,Local,1,11,12,91.67%
177,2017,Fujairah,"25.133300,56.250000",Private Schools,Male,Expat,2,215,217,99.08%
178,2017,Fujairah,"25.133300,56.250000",Private Schools,Male,Local,0,17,17,100.00%
179,2017,Fujairah,"25.133300,56.250000",Continuing Education Centers,Female,Expat,9,9,18,50.00%
180,2017,Fujairah,"25.133300,56.250000",Continuing Education Centers,Female,Local,18,13,31,41.94%
181,2017,Fujairah,"25.133300,56.250000",Continuing Education Centers,Male,Expat,12,24,36,66.67%
182,2017,Fujairah,"25.133300,56.250000",Continuing Education Centers,Male,Local,40,63,103,61.17%
183,2017,DUBAI,,ACTVET,Male,Expat,0,2,2,100.00%
184,2017,DUBAI,,ACTVET,Male,Local,2,158,160,98.75%
185,2017,DUBAI,,Public Schools,Female,Expat,1,258,259,99.61%
186,2017,DUBAI,,Public Schools,Female,Local,4,865,869,99.54%
187,2017,DUBAI,,Public Schools,Male,Expat,0,212,212,100.00%
188,2017,DUBAI,,Public Schools,Male,Local,3,581,584,99.49%
189,2017,DUBAI,,Private Schools,Female,Expat,0,499,499,100.00%
190,2017,DUBAI,,Private Schools,Female,Local,0,70,70,100.00%
191,2017,DUBAI,,Private Schools,Male,Expat,0,531,531,100.00%
192,2017,DUBAI,,Private Schools,Male,Local,0,117,117,100.00%
193,2017,DUBAI,,Continuing Education Centers,Female,Expat,37,102,139,73.38%
194,2017,DUBAI,,Continuing Education Centers,Female,Local,57,78,135,57.78%
195,2017,DUBAI,,Continuing Education Centers,Male,Expat,14,148,162,91.36%
196,2017,DUBAI,,Continuing Education Centers,Male,Local,61,266,327,81.35%
197,2017,Ras AlKhaima,"25.800694,55.976200",ACTVET,Male,Local,2,156,158,98.73%
198,2017,Ras AlKhaima,"25.800694,55.976200",Public Schools,Female,Expat,0,167,167,100.00%
199,2017,Ras AlKhaima,"25.800694,55.976200",Public Schools,Female,Local,1,925,926,99.89%
200,2017,Ras AlKhaima,"25.800694,55.976200",Public Schools,Male,Expat,0,209,209,100.00%
201,2017,Ras AlKhaima,"25.800694,55.976200",Public Schools,Male,Local,1,768,769,99.87%
202,2017,Ras AlKhaima,"25.800694,55.976200",Private Schools,Female,Expat,4,294,298,98.66%
203,2017,Ras AlKhaima,"25.800694,55.976200",Private Schools,Female,Local,0,32,32,100.00%
204,2017,Ras AlKhaima,"25.800694,55.976200",Private Schools,Male,Expat,28,294,322,91.30%
205,2017,Ras AlKhaima,"25.800694,55.976200",Private Schools,Male,Local,0,30,30,100.00%
206,2017,Ras AlKhaima,"25.800694,55.976200",Continuing Education Centers,Female,Expat,7,19,26,73.08%
207,2017,Ras AlKhaima,"25.800694,55.976200",Continuing Education Centers,Female,Local,20,45,65,69.23%
208,2017,Ras AlKhaima,"25.800694,55.976200",Continuing Education Centers,Male,Expat,20,23,43,53.49%
209,2017,Ras AlKhaima,"25.800694,55.976200",Continuing Education Centers,Male,Local,107,74,181,40.88%
210,2017,Sharjah,"25.322327,55.513641",ACTVET,Male,Local,1,59,60,98.33%
211,2017,Sharjah,"25.322327,55.513641",Public Schools,Female,Expat,11,246,257,95.72%
212,2017,Sharjah,"25.322327,55.513641",Public Schools,Female,Local,42,1189,1231,96.59%
213,2017,Sharjah,"25.322327,55.513641",Public Schools,Male,Expat,6,220,226,97.35%
214,2017,Sharjah,"25.322327,55.513641",Public Schools,Male,Local,9,933,942,99.04%
215,2017,Sharjah,"25.322327,55.513641",Private Schools,Female,Expat,26,2640,2666,99.02%
216,2017,Sharjah,"25.322327,55.513641",Private Schools,Female,Local,0,254,254,100.00%
217,2017,Sharjah,"25.322327,55.513641",Private Schools,Male,Expat,74,2650,2724,97.28%
218,2017,Sharjah,"25.322327,55.513641",Private Schools,Male,Local,4,316,320,98.75%
219,2017,Sharjah,"25.322327,55.513641",Continuing Education Centers,Female,Expat,49,67,116,57.76%
220,2017,Sharjah,"25.322327,55.513641",Continuing Education Centers,Female,Local,55,43,98,43.88%
221,2017,Sharjah,"25.322327,55.513641",Continuing Education Centers,Male,Expat,44,97,141,68.79%
222,2017,Sharjah,"25.322327,55.513641",Continuing Education Centers,Male,Local,249,295,544,54.23%
223,2017,Umm AlQuwain,"25.520482,55.713391",ACTVET,Female,Local,0,62,62,100.00%
224,2017,Umm AlQuwain,"25.520482,55.713391",ACTVET,Male,Local,0,6,6,100.00%
225,2017,Umm AlQuwain,"25.520482,55.713391",Public Schools,Female,Expat,0,45,45,100.00%
226,2017,Umm AlQuwain,"25.520482,55.713391",Public Schools,Female,Local,0,97,97,100.00%
227,2017,Umm AlQuwain,"25.520482,55.713391",Public Schools,Male,Expat,1,57,58,98.28%
228,2017,Umm AlQuwain,"25.520482,55.713391",Public Schools,Male,Local,1,86,87,98.85%
229,2017,Umm AlQuwain,"25.520482,55.713391",Private Schools,Female,Expat,0,39,39,100.00%
230,2017,Umm AlQuwain,"25.520482,55.713391",Private Schools,Female,Local,0,1,1,100.00%
231,2017,Umm AlQuwain,"25.520482,55.713391",Private Schools,Male,Expat,0,21,21,100.00%
232,2017,Umm AlQuwain,"25.520482,55.713391",Private Schools,Male,Local,0,1,1,100.00%
233,2017,Umm AlQuwain,"25.520482,55.713391",Continuing Education Centers,Female,Expat,13,11,24,45.83%
234,2017,Umm AlQuwain,"25.520482,55.713391",Continuing Education Centers,Female,Local,16,9,25,36.00%
235,2017,Umm AlQuwain,"25.520482,55.713391",Continuing Education Centers,Male,Expat,10,8,18,44.44%
236,2017,Umm AlQuwain,"25.520482,55.713391",Continuing Education Centers,Male,Local,10,11,21,52.38%
237,2018,Ajman,"25.244000,55.266140",ACTVET,Female,Local,0,124,124,100.00%
238,2018,Ajman,"25.244000,55.266140",ACTVET,Male,Local,0,74,74,100.00%
239,2018,Ajman,"25.244000,55.266140",Public Schools,Female,Expat,3,254,257,98.83%
240,2018,Ajman,"25.244000,55.266140",Public Schools,Female,Local,3,375,378,99.21%
241,2018,Ajman,"25.244000,55.266140",Public Schools,Male,Expat,6,139,145,95.86%
242,2018,Ajman,"25.244000,55.266140",Public Schools,Male,Local,32,272,304,89.47%
243,2018,Ajman,"25.244000,55.266140",Private Schools,Female,Expat,2,630,632,99.68%
244,2018,Ajman,"25.244000,55.266140",Private Schools,Female,Local,1,19,20,95.00%
245,2018,Ajman,"25.244000,55.266140",Private Schools,Male,Expat,22,673,695,96.83%
246,2018,Ajman,"25.244000,55.266140",Private Schools,Male,Local,6,61,67,91.04%
247,2018,Ajman,"25.244000,55.266140",Continuing Education Centers,Female,Expat,20,78,98,79.59%
248,2018,Ajman,"25.244000,55.266140",Continuing Education Centers,Female,Local,16,52,68,76.47%
249,2018,Ajman,"25.244000,55.266140",Continuing Education Centers,Male,Expat,47,38,85,44.71%
250,2018,Ajman,"25.244000,55.266140",Continuing Education Centers,Male,Local,55,65,120,54.17%
251,2018,Fujairah,"25.133300,56.250000",ACTVET,Male,Local,0,92,92,100.00%
252,2018,Fujairah,"25.133300,56.250000",Public Schools,Female,Expat,0,87,87,100.00%
253,2018,Fujairah,"25.133300,56.250000",Public Schools,Female,Local,5,767,772,99.35%
254,2018,Fujairah,"25.133300,56.250000",Public Schools,Male,Expat,0,93,93,100.00%
255,2018,Fujairah,"25.133300,56.250000",Public Schools,Male,Local,5,541,546,99.08%
256,2018,Fujairah,"25.133300,56.250000",Private Schools,Female,Expat,3,177,180,98.33%
257,2018,Fujairah,"25.133300,56.250000",Private Schools,Female,Local,1,13,14,92.86%
258,2018,Fujairah,"25.133300,56.250000",Private Schools,Male,Expat,6,187,193,96.89%
259,2018,Fujairah,"25.133300,56.250000",Private Schools,Male,Local,2,24,26,92.31%
260,2018,Fujairah,"25.133300,56.250000",Continuing Education Centers,Female,Expat,11,23,34,67.65%
261,2018,Fujairah,"25.133300,56.250000",Continuing Education Centers,Female,Local,18,25,43,58.14%
262,2018,Fujairah,"25.133300,56.250000",Continuing Education Centers,Male,Expat,24,20,44,45.45%
263,2018,Fujairah,"25.133300,56.250000",Continuing Education Centers,Male,Local,71,89,160,55.63%
264,2018,DUBAI,,ACTVET,Male,Expat,0,1,1,100.00%
265,2018,DUBAI,,ACTVET,Male,Local,3,144,147,97.96%
266,2018,DUBAI,,Public Schools,Female,Expat,1,299,300,99.67%
267,2018,DUBAI,,Public Schools,Female,Local,5,803,808,99.38%
268,2018,DUBAI,,Public Schools,Male,Expat,2,221,223,99.10%
269,2018,DUBAI,,Public Schools,Male,Local,39,561,600,93.50%
270,2018,DUBAI,,Private Schools,Female,Expat,1,482,483,99.79%
271,2018,DUBAI,,Private Schools,Female,Local,0,59,59,100.00%
272,2018,DUBAI,,Private Schools,Male,Expat,0,504,504,100.00%
273,2018,DUBAI,,Private Schools,Male,Local,2,152,154,98.70%
274,2018,DUBAI,,Continuing Education Centers,Female,Expat,22,92,114,80.70%
275,2018,DUBAI,,Continuing Education Centers,Female,Local,43,115,158,72.78%
276,2018,DUBAI,,Continuing Education Centers,Male,Expat,20,130,150,86.67%
277,2018,DUBAI,,Continuing Education Centers,Male,Local,73,268,341,78.59%
278,2018,Ras AlKhaima,"25.800694,55.976200",ACTVET,Male,Local,0,150,150,100.00%
279,2018,Ras AlKhaima,"25.800694,55.976200",Public Schools,Female,Expat,0,178,178,100.00%
280,2018,Ras AlKhaima,"25.800694,55.976200",Public Schools,Female,Local,1,964,965,99.90%
281,2018,Ras AlKhaima,"25.800694,55.976200",Public Schools,Male,Expat,2,239,241,99.17%
282,2018,Ras AlKhaima,"25.800694,55.976200",Public Schools,Male,Local,10,806,816,98.77%
283,2018,Ras AlKhaima,"25.800694,55.976200",Private Schools,Female,Expat,13,418,431,96.98%
284,2018,Ras AlKhaima,"25.800694,55.976200",Private Schools,Female,Local,9,50,59,84.75%
285,2018,Ras AlKhaima,"25.800694,55.976200",Private Schools,Male,Expat,24,385,409,94.13%
286,2018,Ras AlKhaima,"25.800694,55.976200",Private Schools,Male,Local,24,26,50,52.00%
287,2018,Ras AlKhaima,"25.800694,55.976200",Continuing Education Centers,Female,Expat,2,19,21,90.48%
288,2018,Ras AlKhaima,"25.800694,55.976200",Continuing Education Centers,Female,Local,11,48,59,81.36%
289,2018,Ras AlKhaima,"25.800694,55.976200",Continuing Education Centers,Male,Expat,15,63,78,80.77%
290,2018,Ras AlKhaima,"25.800694,55.976200",Continuing Education Centers,Male,Local,81,204,285,71.58%
291,2018,Sharjah,"25.322327,55.513641",ACTVET,Male,Local,0,29,29,100.00%
292,2018,Sharjah,"25.322327,55.513641",Public Schools,Female,Expat,2,266,268,99.25%
293,2018,Sharjah,"25.322327,55.513641",Public Schools,Female,Local,5,1208,1213,99.59%
294,2018,Sharjah,"25.322327,55.513641",Public Schools,Male,Expat,3,223,226,98.67%
295,2018,Sharjah,"25.322327,55.513641",Public Schools,Male,Local,53,949,1002,94.71%
296,2018,Sharjah,"25.322327,55.513641",Private Schools,Female,Expat,14,2668,2682,99.48%
297,2018,Sharjah,"25.322327,55.513641",Private Schools,Female,Local,0,277,277,100.00%
298,2018,Sharjah,"25.322327,55.513641",Private Schools,Male,Expat,50,2787,2837,98.24%
299,2018,Sharjah,"25.322327,55.513641",Private Schools,Male,Local,1,408,409,99.76%
300,2018,Sharjah,"25.322327,55.513641",Continuing Education Centers,Female,Expat,23,66,89,74.16%
301,2018,Sharjah,"25.322327,55.513641",Continuing Education Centers,Female,Local,38,66,104,63.46%
302,2018,Sharjah,"25.322327,55.513641",Continuing Education Centers,Male,Expat,44,87,131,66.41%
303,2018,Sharjah,"25.322327,55.513641",Continuing Education Centers,Male,Local,156,223,379,58.84%
304,2018,Umm AlQuwain,"25.520482,55.713391",ACTVET,Female,Local,0,38,38,100.00%
305,2018,Umm AlQuwain,"25.520482,55.713391",ACTVET,Male,Local,0,14,14,100.00%
306,2018,Umm AlQuwain,"25.520482,55.713391",Public Schools,Female,Expat,0,58,58,100.00%
307,2018,Umm AlQuwain,"25.520482,55.713391",Public Schools,Female,Local,0,135,135,100.00%
308,2018,Umm AlQuwain,"25.520482,55.713391",Public Schools,Male,Expat,0,48,48,100.00%
309,2018,Umm AlQuwain,"25.520482,55.713391",Public Schools,Male,Local,0,91,91,100.00%
310,2018,Umm AlQuwain,"25.520482,55.713391",Private Schools,Female,Expat,0,48,48,100.00%
311,2018,Umm AlQuwain,"25.520482,55.713391",Private Schools,Female,Local,0,10,10,100.00%
312,2018,Umm AlQuwain,"25.520482,55.713391",Private Schools,Male,Expat,0,33,33,100.00%
313,2018,Umm AlQuwain,"25.520482,55.713391",Continuing Education Centers,Female,Expat,1,8,9,88.89%
314,2018,Umm AlQuwain,"25.520482,55.713391",Continuing Education Centers,Female,Local,2,6,8,75.00%
315,2018,Umm AlQuwain,"25.520482,55.713391",Continuing Education Centers,Male,Expat,0,6,6,100.00%
316,2018,Umm AlQuwain,"25.520482,55.713391",Continuing Education Centers,Male,Local,2,14,16,87.50%
317,2019,Ajman,"25.244000,55.266140",ACTVET,Female,Expat,0,1,1,100.00%
318,2019,Ajman,"25.244000,55.266140",ACTVET,Female,Local,0,94,94,100.00%
319,2019,Ajman,"25.244000,55.266140",ACTVET,Male,Expat,0,2,2,100.00%
320,2019,Ajman,"25.244000,55.266140",ACTVET,Male,Local,0,104,104,100.00%
321,2019,Ajman,"25.244000,55.266140",Public Schools,Female,Expat,0,194,194,100.00%
322,2019,Ajman,"25.244000,55.266140",Public Schools,Female,Local,0,386,386,100.00%
323,2019,Ajman,"25.244000,55.266140",Public Schools,Male,Expat,3,156,159,98.11%
324,2019,Ajman,"25.244000,55.266140",Public Schools,Male,Local,9,279,288,96.88%
325,2019,Ajman,"25.244000,55.266140",Private Schools,Female,Expat,9,640,649,98.61%
326,2019,Ajman,"25.244000,55.266140",Private Schools,Female,Local,0,16,16,100.00%
327,2019,Ajman,"25.244000,55.266140",Private Schools,Male,Expat,9,765,774,98.84%
328,2019,Ajman,"25.244000,55.266140",Private Schools,Male,Local,9,59,68,86.76%
329,2019,Ajman,"25.244000,55.266140",Continuing Education Centers,Female,Expat,27,69,96,71.88%
330,2019,Ajman,"25.244000,55.266140",Continuing Education Centers,Female,Local,16,57,73,78.08%
331,2019,Ajman,"25.244000,55.266140",Continuing Education Centers,Male,Expat,20,78,98,79.59%
332,2019,Ajman,"25.244000,55.266140",Continuing Education Centers,Male,Local,30,101,131,77.10%
333,2019,Fujairah,"25.133300,56.250000",ACTVET,Male,Expat,0,1,1,100.00%
334,2019,Fujairah,"25.133300,56.250000",ACTVET,Male,Local,1,106,107,99.07%
335,2019,Fujairah,"25.133300,56.250000",Public Schools,Female,Expat,0,72,72,100.00%
336,2019,Fujairah,"25.133300,56.250000",Public Schools,Female,Local,1,759,760,99.87%
337,2019,Fujairah,"25.133300,56.250000",Public Schools,Male,Expat,1,50,51,98.04%
338,2019,Fujairah,"25.133300,56.250000",Public Schools,Male,Local,33,520,553,94.03%
339,2019,Fujairah,"25.133300,56.250000",Private Schools,Female,Expat,0,67,67,100.00%
340,2019,Fujairah,"25.133300,56.250000",Private Schools,Female,Local,0,5,5,100.00%
341,2019,Fujairah,"25.133300,56.250000",Private Schools,Male,Expat,14,99,113,87.61%
342,2019,Fujairah,"25.133300,56.250000",Private Schools,Male,Local,0,6,6,100.00%
343,2019,Fujairah,"25.133300,56.250000",Continuing Education Centers,Female,Expat,8,20,28,71.43%
344,2019,Fujairah,"25.133300,56.250000",Continuing Education Centers,Female,Local,18,32,50,64.00%
345,2019,Fujairah,"25.133300,56.250000",Continuing Education Centers,Male,Expat,14,30,44,68.18%
346,2019,Fujairah,"25.133300,56.250000",Continuing Education Centers,Male,Local,64,99,163,60.74%
347,2019,DUBAI,,ACTVET,Male,Expat,0,2,2,100.00%
348,2019,DUBAI,,ACTVET,Male,Local,4,115,119,96.64%
349,2019,DUBAI,,Public Schools,Female,Expat,0,278,278,100.00%
350,2019,DUBAI,,Public Schools,Female,Local,7,937,944,99.26%
351,2019,DUBAI,,Public Schools,Male,Expat,3,214,217,98.62%
352,2019,DUBAI,,Public Schools,Male,Local,4,699,703,99.43%
353,2019,DUBAI,,Private Schools,Female,Expat,0,501,501,100.00%
354,2019,DUBAI,,Private Schools,Female,Local,1,55,56,98.21%
355,2019,DUBAI,,Private Schools,Male,Expat,0,577,577,100.00%
356,2019,DUBAI,,Private Schools,Male,Local,3,155,158,98.10%
357,2019,DUBAI,,Continuing Education Centers,Female,Expat,13,103,116,88.79%
358,2019,DUBAI,,Continuing Education Centers,Female,Local,28,124,152,81.58%
359,2019,DUBAI,,Continuing Education Centers,Male,Expat,19,121,140,86.43%
360,2019,DUBAI,,Continuing Education Centers,Male,Local,37,266,303,87.79%
361,2019,Ras AlKhaima,"25.800694,55.976200",ACTVET,Male,Local,0,117,117,100.00%
362,2019,Ras AlKhaima,"25.800694,55.976200",Public Schools,Female,Expat,0,143,143,100.00%
363,2019,Ras AlKhaima,"25.800694,55.976200",Public Schools,Female,Local,0,979,979,100.00%
364,2019,Ras AlKhaima,"25.800694,55.976200",Public Schools,Male,Expat,8,168,176,95.45%
365,2019,Ras AlKhaima,"25.800694,55.976200",Public Schools,Male,Local,29,914,943,96.92%
366,2019,Ras AlKhaima,"25.800694,55.976200",Private Schools,Female,Expat,18,326,344,94.77%
367,2019,Ras AlKhaima,"25.800694,55.976200",Private Schools,Female,Local,1,17,18,94.44%
368,2019,Ras AlKhaima,"25.800694,55.976200",Private Schools,Male,Expat,38,297,335,88.66%
369,2019,Ras AlKhaima,"25.800694,55.976200",Private Schools,Male,Local,0,14,14,100.00%
370,2019,Ras AlKhaima,"25.800694,55.976200",Continuing Education Centers,Female,Expat,3,14,17,82.35%
371,2019,Ras AlKhaima,"25.800694,55.976200",Continuing Education Centers,Female,Local,13,50,63,79.37%
372,2019,Ras AlKhaima,"25.800694,55.976200",Continuing Education Centers,Male,Expat,11,56,67,83.58%
373,2019,Ras AlKhaima,"25.800694,55.976200",Continuing Education Centers,Male,Local,58,216,274,78.83%
374,2019,Sharjah,"25.322327,55.513641",ACTVET,Male,Expat,0,1,1,100.00%
375,2019,Sharjah,"25.322327,55.513641",ACTVET,Male,Local,0,33,33,100.00%
376,2019,Sharjah,"25.322327,55.513641",Public Schools,Female,Expat,1,258,259,99.61%
377,2019,Sharjah,"25.322327,55.513641",Public Schools,Female,Local,5,1295,1300,99.62%
378,2019,Sharjah,"25.322327,55.513641",Public Schools,Male,Expat,1,268,269,99.63%
379,2019,Sharjah,"25.322327,55.513641",Public Schools,Male,Local,10,1090,1100,99.09%
380,2019,Sharjah,"25.322327,55.513641",Private Schools,Female,Expat,25,2568,2593,99.04%
381,2019,Sharjah,"25.322327,55.513641",Private Schools,Female,Local,1,391,392,99.74%
382,2019,Sharjah,"25.322327,55.513641",Private Schools,Male,Expat,15,2468,2483,99.40%
383,2019,Sharjah,"25.322327,55.513641",Private Schools,Male,Local,1,474,475,99.79%
384,2019,Sharjah,"25.322327,55.513641",Continuing Education Centers,Female,Expat,16,79,95,83.16%
385,2019,Sharjah,"25.322327,55.513641",Continuing Education Centers,Female,Local,33,94,127,74.02%
386,2019,Sharjah,"25.322327,55.513641",Continuing Education Centers,Male,Expat,26,83,109,76.15%
387,2019,Sharjah,"25.322327,55.513641",Continuing Education Centers,Male,Local,89,273,362,75.41%
388,2019,Umm AlQuwain,"25.520482,55.713391",ACTVET,Female,Expat,0,2,2,100.00%
389,2019,Umm AlQuwain,"25.520482,55.713391",ACTVET,Female,Local,0,44,44,100.00%
390,2019,Umm AlQuwain,"25.520482,55.713391",ACTVET,Male,Local,0,9,9,100.00%
391,2019,Umm AlQuwain,"25.520482,55.713391",Public Schools,Female,Expat,3,48,51,94.12%
392,2019,Umm AlQuwain,"25.520482,55.713391",Public Schools,Female,Local,4,137,141,97.16%
393,2019,Umm AlQuwain,"25.520482,55.713391",Public Schools,Male,Expat,0,62,62,100.00%
394,2019,Umm AlQuwain,"25.520482,55.713391",Public Schools,Male,Local,0,106,106,100.00%
395,2019,Umm AlQuwain,"25.520482,55.713391",Private Schools,Female,Expat,0,23,23,100.00%
396,2019,Umm AlQuwain,"25.520482,55.713391",Private Schools,Male,Expat,0,22,22,100.00%
397,2019,Umm AlQuwain,"25.520482,55.713391",Continuing Education Centers,Female,Expat,0,5,5,100.00%
398,2019,Umm AlQuwain,"25.520482,55.713391",Continuing Education Centers,Female,Local,4,3,7,42.86%
399,2019,Umm AlQuwain,"25.520482,55.713391",Continuing Education Centers,Male,Expat,1,8,9,88.89%
400,2019,Umm AlQuwain,"25.520482,55.713391",Continuing Education Centers,Male,Local,2,19,21,90.48%
